353.61,125.51,11.149,41.907,2.8175,42.973,5375.2,2.3929e+07,2.3929e+07,-17738,90.698,43.161,5.9405,21.442,2.1014,22.533,1318.9,3.1398e+06,3.1398e+06,-9999.5,348.8,125.5,11.309,40.887,2.7793,41.939,1709.8,8.0057e+06,8.0057e+06,-17757,340.55,121.88,11.087,40.614,2.7941,41.709,1278.5,5.6227e+06,5.6227e+06,-17498,54032,19212,1755.9,40.856,2.8123,41.712,-11764,7.243e+08,7.243e+08,-2.1017e+05,358.71,115.96,11.255,41.122,3.0933,42.173,852.29,3.7477e+06,3.7477e+06,-17370,357.55,119.39,11.58,40.123,2.9947,41.187,645.98,3.2262e+06,3.2262e+06,-17908,362.94,123.66,11.526,41.171,2.935,42.219,565.53,2.9817e+06,2.9817e+06,-18056,347.84,121,11.22,40.741,2.8747,41.785,560.74,2.4721e+06,2.4721e+06,-17400,338.63,123.01,11.464,39.106,2.7529,40.269,488.39,2.2707e+06,2.2707e+06,-17751,349.87,127.18,12.484,36.637,2.751,38.215,240.85,2.1053e+06,2.1053e+06,-18347,347.73,124.41,11.762,38.787,2.795,40.142,438.05,2.1863e+06,2.1863e+06,-18713,342.28,126.05,11.581,39.297,2.7154,40.439,331.97,1.7339e+06,1.7339e+06,-17499,349.91,127.85,12.877,35.619,2.7369,37.102,303.66,1.7149e+06,1.7149e+06,-19881
1.0072,0.80549,0.28456,5.1746,1.2505,6.3703,-362.11,23099,23099,-3028.5,0.87965,0.61889,0.40547,2.8938,1.4213,3.6958,-181.01,17750,17750,-4042.2,0.94442,0.69717,0.2182,6.0525,1.3547,7.5235,-557.26,22018,22018,-3048.8,0.51579,0.52944,0.25034,3.0846,0.97422,4.1752,106.52,4811.1,4811.1,-3543,1.3685,1.3721,0.41032,5.3183,0.99737,6.6793,-0.030649,11431,11431,-5457.6,0.68256,0.81253,0.19841,5.9224,0.84004,7.5355,118.77,4651.4,4651.4,-3217.7,1.0148,1.5429,0.26846,7.8991,0.65768,9.5273,63.666,4840,4840,-3176.7,1.1765,2.1796,0.29094,9.7602,0.53981,11.535,78.927,4389.9,4389.9,-3347.4,1.1157,1.2749,0.243,8.061,0.87512,9.8381,101.47,2476.6,2476.6,-3034.2,1.0473,1.0374,0.32064,5.156,1.0095,6.5018,60.807,2506.2,2506.2,-3588.6,0.83378,0.58323,0.18644,5.9158,1.4296,7.6002,17.189,2211.5,2211.5,-2848.9,0.38172,0.33361,0.11985,4.3796,1.1442,5.9687,4.8016,848.95,848.95,-2430.3,1.0765,0.66945,0.53571,2.56,1.608,3.2591,-48.882,3629.5,3629.5,-4208.2,1.0317,0.82525,0.31172,4.7956,1.2501,5.957,-68.016,1886.5,1886.5,-3257.6
3.3439,7.0738,0.54125,16.721,0.47271,19.247,1328.5,1.4763e+05,1.4763e+05,-4710.2,2.1067,4.1671,0.58963,9.3487,0.50556,10.64,-14.602,40002,40002,-4446,2.0004,4.7128,0.52219,11.294,0.42446,12.856,-98.539,28344,28344,-4382.8,1.5236,4.4374,0.56638,9.1814,0.34334,10.525,136.44,16906,16906,-4267.8,2.3727,6.7751,0.87886,9.3673,0.35021,10.409,-11.065,20304,20304,-4822.8,2.9827,19.939,1.0212,20.726,0.1496,22.446,7.3274,24556,24556,-5339.5,3.8225,44.373,1.543,29.334,0.086144,31.234,13.133,34625,34625,-7359.4,3.3702,26.428,1.2966,21.451,0.12752,22.982,-3.7459,22337,22337,-6576.2,2.1812,10.351,0.79234,14.278,0.21073,15.817,17.882,10043,10043,-5016.9,2.4135,8.2708,0.88958,10.421,0.29181,12.01,16.395,9287,9287,-5124.6,1.3936,5.6187,0.61133,10.06,0.24803,11.471,-7.3512,5438.9,5438.9,-4506.4,1.8677,6.3185,0.5999,12.232,0.2956,13.646,-26.695,7269.4,7269.4,-4181.1,2.4823,6.0677,0.60754,12.3,0.40911,14.073,-68.231,9747.5,9747.5,-4643.9,2.2202,6.3926,0.55217,13.38,0.34731,15.598,-45.484,8593,8593,-4429.5
11.222,5.2364,0.89529,15.564,2.1431,18.383,-9446.3,2.4527e+06,2.4527e+06,-6856,3.6611,3.4215,0.50114,11.649,1.07,14.133,388.11,1.1598e+05,1.1598e+05,-4182.8,1.3512,3.8133,0.56933,7.9018,0.35435,9.0711,335.95,19118,19118,-4147,2.2974,1.8472,0.39252,8.6806,1.2437,10.559,287.36,25928,25928,-4249.1,8.6114,7.5453,1.3161,9.4462,1.1413,12.276,-274.48,1.6434e+05,1.6434e+05,-5033.2,1.7384,5.5706,0.52523,12.112,0.31206,13.916,197.88,16214,16214,-3773.8,2.3572,15.384,0.94837,17.226,0.15322,18.707,182.34,17493,17493,-4588.9,3.0219,18.085,1.0991,17.798,0.16709,19.204,178.34,16857,16857,-5056.9,8.9315,6.0282,0.84898,15.313,1.4816,17.621,-28.751,34207,34207,-4246.7,1.9355,3.5634,1.485,3.0037,0.54315,3.7031,148.19,14427,14427,-6941.9,2.7974,3.4132,0.60041,8.6529,0.8196,10.344,-187,18020,18020,-4898.1,3.8679,4.1769,0.56277,12.442,0.92603,14.295,88.525,30213,30213,-4511.1,5.4445,5.971,0.68729,13.883,0.91182,16.609,263.46,31771,31771,-4923.8,2.159,4.6748,0.50008,11.549,0.46184,13.666,24.391,15255,15255,-4775.9
1.223,0.66236,0.30997,4.846,1.8463,6.0823,-121.76,40289,40289,-4085.2,5.4978,1.2293,0.55245,10.085,4.4723,12.177,-385.04,93269,93269,-4822.2,1.6779,0.82415,0.34497,5.8995,2.0359,7.2531,55.089,12234,12234,-3825,98.033,48.055,14.979,8.5415,2.04,9.7526,-559.98,5.7814e+05,5.7814e+05,-22655,1.1855,0.67041,0.5204,3.0049,1.7684,3.5664,114,8943.4,8943.4,-4628,1.9048,0.94026,0.35368,6.7393,2.0258,8.044,1.2411,7665.1,7665.1,-3468.2,5.2854,2.3211,0.75928,8.5199,2.2771,10.018,85.026,15507,15507,-4693,1.5285,0.83447,0.30521,6.3955,1.8318,7.7422,47.827,7423.7,7423.7,-3479,1.5454,0.76533,0.31679,5.9139,2.0192,7.294,-14.672,5549.1,5549.1,-3842.9,1.4428,0.81708,0.42174,4.3159,1.7658,5.3584,3.0852,4485.2,4485.2,-4807.2,1.3914,0.69647,0.47077,3.541,1.9978,4.435,39.472,3735.2,3735.2,-4529.5,1.659,0.76554,0.38293,5.1862,2.167,6.3314,9.7492,4105.3,4105.3,-4034.1,4.1605,1.1965,0.56275,7.6375,3.4773,9.5191,48.279,12469,12469,-5234.2,2.5803,0.97745,0.47693,6.1534,2.6398,7.4596,23.833,7774.5,7774.5,-4083.3
2.2922,1.868,0.44881,7.0613,1.2271,9.2693,2126.3,2.5055e+05,2.5055e+05,-3996.7,0.71509,0.51077,0.15958,5.8722,1.4,7.6817,321.54,13122,13122,-2934.3,0.87186,0.80324,0.20168,6.4288,1.0854,8.3056,-196.25,10205,10205,-2907.2,0.75859,0.64945,0.17716,5.8263,1.168,7.9477,90.527,5846.9,5846.9,-2928.6,0.84984,0.97246,0.82958,1.6156,0.87391,2.1966,-39.948,8876.7,8876.7,-6313.2,0.98135,1.0179,0.25099,6.3518,0.96408,7.9656,-1.4085,4105.9,4105.9,-3088.3,1.738,2.1679,0.30721,10.539,0.80167,12.714,-7.3873,6662.6,6662.6,-3340,1.0318,1.7637,0.21282,10.812,0.58505,13.136,-37.806,5841.9,5841.9,-3183.6,1.17,0.84455,0.27845,5.4307,1.3854,7.235,-46.408,3431.9,3431.9,-3749,1.1275,1.0155,0.94693,1.6645,1.1103,2.2631,-29.867,8326.8,8326.8,-6350.2,0.78878,0.93235,0.29023,4.2708,0.84602,5.9302,-4.6806,2680.9,2680.9,-3831.8,0.93223,0.90249,0.18918,7.3253,1.033,9.6983,45.372,3637.6,3637.6,-3180.8,0.81012,0.73196,0.22253,5.1858,1.1068,6.9299,-23.4,2203.9,2203.9,-3260.8,1.1698,1.037,0.2588,6.4541,1.1281,8.527,-103.78,6324.7,6324.7,-3374.5
1.6139,1.2349,0.41789,5.2804,1.3069,6.8173,-2602.3,1.6261e+05,1.6261e+05,-3696.3,0.86478,0.63993,0.24833,4.7516,1.3514,6.0595,-561.94,15654,15654,-3173.5,0.55826,0.48489,0.16216,4.8657,1.1513,6.4328,52.547,6878.4,6878.4,-2782.4,0.7514,0.51798,0.20187,4.9691,1.4506,6.288,29.357,7681.5,7681.5,-3196.3,1.5149,1.0309,0.74851,2.6676,1.4695,3.4011,-195.64,22600,22600,-5969.9,0.87045,1.377,0.30157,6.1806,0.63214,7.4524,37.067,5692.3,5692.3,-3370.1,1.2286,1.93,0.2948,8.9322,0.63656,10.714,71.541,8102.6,8102.6,-3136,0.84933,1.5903,0.25246,7.9634,0.53406,9.6634,88.324,5074.2,5074.2,-3218.5,0.8641,1.2256,0.36623,4.685,0.70504,5.706,108.64,3905.8,3905.8,-3841,1.3796,1.3714,0.91405,2.3777,1.006,3.0096,-17.586,11588,11588,-7048.8,0.78211,0.60782,0.28517,3.6971,1.2867,4.874,25.88,2320.1,2320.1,-3750.1,0.70032,0.69013,0.19377,5.5942,1.0148,7.1758,-12.548,1970.7,1970.7,-2811.7,1.9082,0.88293,0.33767,6.4265,2.1613,8.266,142.34,9937.3,9937.3,-3751.8,1.135,0.80673,0.29568,5.1008,1.4069,6.5669,15.227,4496.4,4496.4,-3791.6
2.6483,4.7448,0.45115,14.552,0.55814,16.387,645.84,88553,88553,-4452.2,2.6583,5.5811,0.42234,16.809,0.47631,19.509,45.05,64219,64219,-4718.7,2.0045,4.583,0.48045,12.406,0.43738,13.711,-15.371,25373,25373,-4284.2,2.0349,5.088,0.34946,17.707,0.39995,20.383,-27.39,25787,25787,-4532.8,2.8988,8.1428,0.74941,12.602,0.356,14.734,-31.564,25920,25920,-5812.7,4.5321,15.214,1.0041,18.135,0.2979,19.666,-100.87,37965,37965,-7316.9,4.9858,24.948,1.3315,20.981,0.19985,22.48,-96.003,69901,69901,-10043,4.3299,35.157,1.3327,27.995,0.12316,29.63,-8.97,48712,48712,-9334,5.2364,23.027,1.1142,24.158,0.2274,25.367,-14.938,34472,34472,-8354,2.8587,7.5761,0.61707,14.72,0.37733,16.91,23.462,11954,11954,-5750.3,4.2166,7.7504,0.69931,14.594,0.54405,17.113,-6.5344,25958,25958,-5484.1,2.061,4.0397,0.41653,12.955,0.51019,14.647,-24.764,7926.4,7926.4,-3990.2,2.4755,6.0943,0.8187,9.019,0.4062,10.468,49.303,11796,11796,-5867.1,2.8742,5.4012,0.46571,15.549,0.53213,17.769,39.607,7224.6,7224.6,-4752.9
1.8261,0.69851,0.29545,6.641,2.6143,8.5452,-156.79,59064,59064,-3731.7,5.8762,1.4752,0.58659,9.4881,3.9832,12.533,-27.358,99034,99034,-5990,0.81151,0.32147,0.11951,6.9484,2.5244,9.4803,-32.127,4213,4213,-2228.5,0.59286,0.29536,0.18837,3.3372,2.0072,4.7153,29.997,3927.5,3927.5,-3098.2,1.25,0.52579,0.1993,6.8,2.3773,8.9098,-53.001,9509.7,9509.7,-3195.8,0.81229,0.48058,0.17989,5.6881,1.6902,7.1869,38.039,3000.1,3000.1,-2874.7,0.69977,0.4045,0.16199,5.1675,1.73,6.8168,17.325,2211.7,2211.7,-2661.7,0.68127,0.35396,0.14584,5.3969,1.9247,7.0985,21.896,1951.7,1951.7,-2536.9,0.74465,0.38576,0.1468,5.9332,1.9303,7.7002,41.346,2183.6,2183.6,-2576.7,0.6757,0.45063,0.20259,4.3506,1.4995,5.5597,-7.6843,1664.7,1664.7,-2727.5,0.70122,0.37051,0.16968,4.6811,1.8926,6.3163,19.33,1642.7,1642.7,-2806.9,1.0568,0.3936,0.14362,7.488,2.6849,10.099,-38.987,2262.2,2262.2,-2750.4,1.5851,0.66475,0.22596,7.9586,2.3846,9.9571,21.792,2670.2,2670.2,-2817.6,0.85509,0.34134,0.12067,7.642,2.5051,9.9152,-28.224,998.46,998.46,-2358.9
0.96554,2.1655,0.28433,9.0342,0.44587,11.012,-43.702,56949,56949,-4326.6,1.4755,2.359,0.30409,9.8947,0.62548,12.61,-31.994,24966,24966,-4866.5,0.84819,1.3322,0.18272,9.5056,0.63667,11.933,-1.2234,9708,9708,-3377.8,0.60781,1.2531,0.38467,3.6789,0.48504,4.8377,17.664,9971.5,9971.5,-5536.1,1.65,1.8851,0.37903,7.4434,0.87531,9.3268,-0.43919,7927.6,7927.6,-4231.9,1.0846,3.011,0.39972,8.5828,0.36022,10.246,2.8194,7990.7,7990.7,-4401.1,1.2359,7.2201,0.42942,16.86,0.17117,19.691,-5.8693,19486,19486,-5817.5,0.93671,6.7823,0.34306,19.966,0.13811,22.501,5.9686,13630,13630,-5276.7,0.95048,3.2321,0.28498,12.411,0.29407,14.677,1.288,5460.9,5460.9,-4007.5,1.0571,1.6602,0.49275,4.4236,0.63675,5.5146,-0.16302,4091.5,4091.5,-5487.5,0.67064,0.75119,0.26375,4.2221,0.89278,5.3908,-0.92058,2128.8,2128.8,-3613.1,1.9555,2.4361,0.42586,8.2806,0.8027,10.312,-3.376,4824.9,4824.9,-4862.1,1.0608,1.5329,0.27778,7.4036,0.69205,9.3373,-7.0755,3194.3,3194.3,-4069.5,1.0086,1.4125,0.25137,7.8424,0.71408,9.6317,10.856,1751.4,1751.4,-2934.1
2.3849,3.7916,3.0855,1.5053,0.62898,2.0018,544.14,1.4363e+05,1.4363e+05,-9991,1.7763,2.6411,0.61357,5.6814,0.67256,7.1994,-77.74,43739,43739,-4706.2,1.1614,2.9952,1.5847,2.0415,0.38777,2.623,195.79,19221,19221,-6394.9,1.2646,2.7407,0.89802,3.3146,0.4614,4.4601,-77.305,25048,25048,-5816.7,1.9905,2.7929,0.52117,7.5854,0.7127,9.1783,8.9104,12393,12393,-4312.8,1.3257,3.2098,0.46667,8.1239,0.41303,9.7191,-140.59,10968,10968,-3666.9,1.9292,11.584,0.78772,15.11,0.16655,17.154,-1.9833,17603,17603,-5509.5,2.2328,9.3591,0.68098,14.923,0.23857,17.022,43.672,11196,11196,-4976,1.5668,3.8249,0.48402,9.1218,0.40962,11.139,-76.49,6991,6991,-4013.6,2.2874,3.4466,1.2796,3.31,0.66367,4.481,105.65,11813,11813,-7269.1,0.94053,2.5522,1.0257,2.6792,0.36852,3.4051,73.44,5878.7,5878.7,-5862.3,2.3488,4.3523,4.3892,1.1796,0.53966,1.5267,93.658,13929,13929,-11056,2.3175,2.5732,0.70654,5.4933,0.90062,6.922,92.657,9956.1,9956.1,-4869.9,13.646,10.036,11.077,1.6614,1.3597,2.1379,-264.84,54863,54863,-17884
3.6887,1.5631,0.313,13.77,2.3598,16.779,865.54,1.4973e+05,1.4973e+05,-4010,3.8985,1.3715,0.36458,11.88,2.8425,14.455,912.52,81065,81065,-4085.1,1.9953,1.1776,0.2354,10.432,1.6944,13.479,292.08,67643,67643,-3791,2.8011,1.236,0.34408,9.6379,2.2662,11.733,352.29,23439,23439,-3525.5,3.2426,1.6276,0.67492,5.9613,1.9923,7.2159,454.23,29785,29785,-4604.6,3.4903,2.2903,0.40284,12.256,1.5239,14.35,152.96,22343,22343,-3952.5,3.8988,5.4847,0.6069,13.643,0.71085,15.461,249.05,31401,31401,-4700.6,3.0523,3.4871,0.45848,12.329,0.8753,14.263,265.37,25442,25442,-4676.1,252.6,94.324,22.93,13.675,2.6781,15.13,-1868.6,9.7332e+05,9.7332e+05,-22291,2.8672,1.3862,0.53587,6.6918,2.0683,7.9375,161.42,14070,14070,-4152.6,2.911,1.6262,0.40005,9.3269,1.7901,11.342,130.73,12441,12441,-3791.8,4.1304,1.9972,0.35615,14.172,2.0681,17.205,196.54,21324,21324,-4045.9,16.839,3.3858,0.5618,30.49,4.9735,36,-164.21,61381,61381,-4718.5,6.4427,2.4767,0.49667,15.053,2.6013,17.958,107.84,26676,26676,-3822.9
3.4599,1.563,0.25508,16.067,2.2136,19.691,1569.3,1.2926e+05,1.2926e+05,-3156.1,27.798,7.4149,1.0017,29.215,3.7489,35.154,-7022.9,3.9643e+06,3.9643e+06,-11821,1.8836,1.8591,0.22546,14.142,1.0132,16.601,544.73,61041,61041,-3468.1,2.4134,1.333,0.18568,16.755,1.8104,20.176,79.768,25941,25941,-2895.3,2.0206,2.4333,0.22514,16.667,0.83041,19.783,255.15,39331,39331,-3939.7,2.1925,3.4477,0.2989,15.655,0.63593,18.87,-105.32,25405,25405,-3760.1,2.3748,4.5813,0.39885,15.65,0.51838,17.44,87.931,23460,23460,-4134.5,2.7046,3.7766,0.36707,15.797,0.71615,17.657,752.83,59426,59426,-3990.2,1.872,1.9874,0.25818,12.07,0.94192,14.948,-28.47,14582,14582,-3819.6,2.4554,3.2309,0.30545,16.244,0.75996,18.616,90.561,20790,20790,-4172.5,1.7129,1.7309,0.19914,14.518,0.98959,17.294,9.9358,11903,11903,-3131.9,1.0848,1.1421,0.15476,11.863,0.94983,14.389,79.682,8009.4,8009.4,-2726.5,4.4453,2.4161,0.34018,16.801,1.8399,20.17,6.7156,27924,27924,-3770.6,3.7286,2.3133,0.32042,15.473,1.6118,18.856,102.79,13664,13664,-3448.7
1.3676,0.5796,0.17762,8.7861,2.3596,10.963,582.25,49251,49251,-3262.4,3.532,1.0222,0.31387,11.791,3.4554,14.51,-57.121,59322,59322,-4017.4,1.877,0.63884,0.2098,9.8208,2.9382,11.992,-99.122,16642,16642,-3188.8,1.2779,0.47082,0.18041,7.5426,2.7141,9.6929,102.12,7021.4,7021.4,-2910.8,1.6719,0.66948,0.20837,9.1877,2.4973,11.237,33.197,9343.9,9343.9,-3081.5,1.2773,0.5537,0.1781,8.5655,2.3068,10.281,88.981,5285.7,5285.7,-2688.2,1.6799,0.86807,0.30778,7.0821,1.9352,8.2785,-63.275,7161.3,7161.3,-3499.2,1.5393,0.83307,0.30128,6.5181,1.8478,7.8743,38.583,4322.6,4322.6,-3315.2,1.1122,0.60667,0.23323,5.9074,1.8333,7.3697,18.409,3678.1,3678.1,-3105.8,1.3737,0.75276,0.22477,7.6964,1.8249,9.4607,62.053,3383.6,3383.6,-3061.5,1.8527,0.68402,0.19887,10.191,2.7085,12.755,-73.716,4043.9,4043.9,-2872,3.2187,0.86484,0.22002,15.164,3.7218,18.56,-5.7813,4383,4383,-3070,4.7427,1.2344,0.36212,13.329,3.8421,16.506,2.5645,9920.5,9920.5,-4262.9,5.3526,1.2075,0.34894,15.223,4.4327,18.8,-77.43,11116,11116,-3717.8
3.5104,2.0416,0.32173,13.978,1.7194,17.257,734.86,1.1994e+05,1.1994e+05,-3511,8.177,4.1914,0.92054,10.41,1.9509,13.436,1038.3,2.8118e+05,2.8118e+05,-6063.2,3.0495,2.7581,0.37113,12.816,1.1057,15.648,6.0217,36327,36327,-3450.8,3.5193,2.3984,0.71792,6.1924,1.4673,8.2428,342.34,32201,32201,-5275.6,4.3672,5.4206,0.62682,12.853,0.80566,15.615,288.76,39631,39631,-5489.3,7.5744,7.4288,0.55573,23.531,1.0196,26.997,207.69,44618,44618,-4730,6.2504,10.443,0.66744,22.252,0.59852,25.011,81.603,32383,32383,-4944.4,5.0477,8.2855,0.57446,19.704,0.60921,23.21,2.3584,27167,27167,-5268.4,5.6575,5.1264,0.5052,18.303,1.1036,21.346,-75.747,25879,25879,-4565.3,4.8663,5.1399,2.5881,3.087,0.94678,3.8663,-152.16,26831,26831,-7764.7,3.9237,2.5865,0.50109,10.501,1.517,12.992,-189.82,45136,45136,-4218.3,10.593,6.843,1.1733,13.089,1.548,14.86,-111.72,12040,12040,-4074.1,9.9726,5.1589,0.98505,12.367,1.9331,15.361,-134.96,46834,46834,-5449.7,8.1197,4.0117,0.50741,19.269,2.024,23.908,-6.6054,29584,29584,-4337
1.1747,0.60089,0.13665,10.01,1.9549,12.993,-443.2,49313,49313,-2584.8,1.4125,0.86261,0.44485,4.095,1.6375,5.1143,-144.68,39253,39253,-5763.6,1.0384,0.55622,0.12902,9.6102,1.8669,12.359,-35.392,6684.2,6684.2,-2379,2.7947,2.0352,0.61229,6.3472,1.3732,7.8881,660.43,87573,87573,-4952.8,0.95855,1.0866,0.35647,4.3046,0.88214,5.7373,205.91,10533,10533,-4370.1,0.8387,1.5705,0.27715,6.9117,0.53405,8.6927,-116.24,6229.8,6229.8,-3707.3,0.51353,1.1878,0.14156,9.8314,0.43236,12.018,-53.432,3009.5,3009.5,-2556.8,0.60678,1.7567,0.16187,12.085,0.34541,14.601,-35.261,2340.3,2340.3,-2620,0.78668,0.9129,0.15482,8.8388,0.86174,10.978,-45.443,3061.8,3061.8,-2641.8,0.93677,1.169,0.27313,6.3174,0.80135,7.7098,-85.464,7612.2,7612.2,-3919.9,0.33629,0.41802,0.17867,3.3573,0.80448,4.2219,-30.631,1808.6,1808.6,-3629.7,0.36732,0.37452,0.092979,6.1522,0.98078,7.9786,-18.911,927.17,927.17,-2187,2.8815,1.4012,0.83541,4.1803,2.0565,5.1265,37.788,16620,16620,-7289.2,0.78605,0.81122,0.13103,9.8229,0.96896,12.19,-10.19,1314,1314,-2478.7
1.1965,0.56553,0.32198,4.5559,2.1157,5.4725,498.98,25544,25544,-3144.4,1.7172,0.91645,0.29987,7.179,1.8738,8.7827,132.14,15191,15191,-3063.2,4.786,2.4825,0.82659,7.5243,1.9279,8.7934,131.02,16278,16278,-3353.4,0.97317,0.59278,0.27128,4.6185,1.6417,5.7723,68.037,6697.2,6697.2,-2804.1,1.3597,0.71129,0.26282,6.7094,1.9115,7.8798,58.339,9253.5,9253.5,-2881.4,1.2272,0.80287,0.34552,5.1769,1.5285,5.8753,-15.024,4236.9,4236.9,-2982.2,1.112,1.1771,0.51532,4.0339,0.94467,4.442,-20.848,6283.3,6283.3,-3525.2,1.2034,2.4059,0.67296,4.8929,0.50019,5.3633,-45.43,6720.9,6720.9,-4130,1.0065,1.1028,0.44464,4.1287,0.91269,4.744,-12.432,3732,3732,-3743.8,1.1179,0.99774,0.49844,3.4283,1.1204,4.2446,23.797,3537.2,3537.2,-4198.9,0.94583,0.58716,0.44623,2.7454,1.6108,3.4354,-53.113,3277,3277,-4219.5,0.90225,0.61177,0.32411,3.8237,1.4748,4.6713,0.32975,1772.2,1772.2,-3536.2,4.6275,1.5738,0.69981,7.2033,2.9403,8.8614,-81.853,10703,10703,-5013.2,1.1524,0.68514,0.54349,2.7383,1.6819,3.3809,28.405,3120.9,3120.9,-4705.7
3.4777,2.6146,0.35042,15.164,1.3301,17.386,122.83,1.7819e+05,1.7819e+05,-3587.5,2.1475,1.3985,0.2482,12.105,1.5356,14.287,-223.77,22020,22020,-2957.2,2.2568,2.2936,0.28061,14.449,0.98396,16.217,-402.69,16980,16980,-2984.3,8.1496,4.7782,0.82658,13.956,1.7056,15.64,32.663,34006,34006,-3508.9,1.98,1.4449,0.34749,8.476,1.3704,9.8561,7.0403,8826.3,8826.3,-3402.7,2.0256,3.1296,0.36608,12.392,0.64726,14.082,95.967,8739.5,8739.5,-3720.4,2.3246,10.045,0.46781,24.286,0.23142,26.441,62.051,13384,13384,-4420.3,2.6947,9.7702,0.41839,26.973,0.27581,29.793,-138.99,13763,13763,-4230.9,2.1779,2.3206,0.33691,11.648,0.93854,13.352,-17.137,4601.7,4601.7,-3482.4,1.9582,1.6634,0.53203,5.8955,1.1772,6.807,-31.016,4889.5,4889.5,-4314.4,1.0901,1.4465,0.47254,4.6327,0.75363,5.368,89.062,4122.7,4122.7,-3942.6,1.7149,2.4707,0.24764,14.949,0.69407,16.902,21.561,3182.3,3182.3,-2967.4,1.9317,1.4615,0.22682,12.657,1.3218,14.96,-25.286,5697.6,5697.6,-2938.8,2.7767,2.5343,0.30444,15.145,1.0956,17.445,73.096,6475.8,6475.8,-3303.2
3.3883,0.86793,0.21244,16.121,3.9039,20.035,-1055.6,1.7341e+05,1.7341e+05,-3249.7,5.4456,1.075,0.45195,11.098,5.0656,14.428,-632.6,1.1314e+05,1.1314e+05,-5074.2,0.69631,0.39144,0.18605,4.8516,1.7788,5.8466,-99.729,7259.1,7259.1,-2813.5,0.84723,0.44554,0.22754,4.3324,1.9016,5.6816,-211,9520.9,9520.9,-3266.5,1.1065,1.0537,0.33283,5.0734,1.0501,6.4906,112.82,12388,12388,-4591,1.5914,0.90073,0.24317,8.3124,1.7668,10.248,137.57,12836,12836,-3482.1,1.4376,0.95353,0.35032,5.3695,1.5077,6.8256,157.09,12421,12421,-3943,1.6988,0.89815,0.33064,6.32,1.8915,7.8544,142.8,10485,10485,-3957.2,1.5368,0.6941,0.22912,7.716,2.2141,9.737,151.04,6568.9,6568.9,-3272.3,1.5415,0.82416,0.25911,7.5362,1.8703,9.1297,54.73,6009,6009,-3903.3,1.0568,0.55849,0.21726,5.897,1.8923,7.4347,-19.647,2664.1,2664.1,-3093.3,0.66909,0.29384,0.11653,6.3795,2.277,8.2637,41.062,2998.8,2998.8,-2320.4,1.5621,0.63202,0.24997,6.8681,2.4716,8.7774,-62.037,6764.6,6764.6,-3833.7,2.7685,0.87872,0.22221,13.4,3.1506,16.413,-110.31,10939,10939,-3690
1.1498,0.62246,0.25419,5.7491,1.8472,6.9723,389.89,27293,27293,-3014.7,1.5854,0.77,0.34997,5.3601,2.059,6.7304,-501.3,41471,41471,-3274,1.6229,0.60555,0.26917,6.7923,2.68,8.2789,-220.09,33397,33397,-3415.5,0.81447,0.45691,0.19353,5.2031,1.7825,6.5693,-77.485,4995.9,4995.9,-2598.5,1.567,0.70179,0.36639,5.0815,2.2329,6.1924,35.937,11246,11246,-3401,1.1138,0.75844,0.30786,5.0073,1.4685,6.0812,94.87,5954.3,5954.3,-3633.3,1.6719,1.1231,0.3897,5.896,1.4887,7.172,20.111,9042.4,9042.4,-3886.3,1.1904,1.1482,0.41706,4.4825,1.0367,5.6074,-17.907,7228.3,7228.3,-4330.6,0.98681,0.78036,0.22131,6.3865,1.2646,7.985,-0.17877,3721.3,3721.3,-2974.4,1.0345,0.73909,0.48741,2.9439,1.3997,3.6388,9.8699,3415.6,3415.6,-3715.1,1.1389,0.51548,0.21046,6.316,2.2095,7.8611,19.758,11221,11221,-2964.1,1.3912,0.66716,0.31841,5.3393,2.0853,6.4645,-2.7407,9639.4,9639.4,-3791.8,1.3665,0.6112,0.25636,6.2093,2.2358,7.7146,-4.1311,3180.8,3180.8,-3271.7,1.2708,0.72101,0.26363,6.0697,1.7626,7.5553,43.475,2883.3,2883.3,-3189
5.157,16.206,0.642,29.222,0.31821,33.276,1465.6,2.9743e+05,2.9743e+05,-6786.7,3.6763,9.5711,0.47193,24.127,0.38411,28.071,-73.237,82558,82558,-5472.1,5.4411,8.625,0.58922,21.308,0.63086,23.872,103.95,65673,65673,-5650.7,3.7717,7.8613,0.69512,13.802,0.47978,16.735,-47.848,40396,40396,-5196.9,4.3091,7.0113,0.49965,20.25,0.6146,22.657,-170.09,32815,32815,-4807.7,7.6397,24.243,0.76397,37.993,0.31513,41.733,-63.535,46918,46918,-7304.9,7.867,28.239,0.805,40.486,0.27858,44.852,-7.4031,37825,37825,-6865.8,8.0976,26.825,0.78219,41.264,0.30187,44.647,-132.64,35719,35719,-7425,5.7419,14.208,0.59152,30.266,0.40414,33.725,34.996,42968,42968,-7652.5,4.8218,9.3384,0.56855,22.307,0.51634,24.906,-111.54,18871,18871,-5796.9,4.1627,4.7096,0.55876,13.814,0.88388,15.878,96.161,13521,13521,-4882.3,5.4268,11.753,1.0235,15.004,0.46174,16.785,-24.796,13829,13829,-6273.5,15.883,18.377,1.4534,20.332,0.86427,23.572,-122.13,62601,62601,-7235.2,11.231,17.395,1.3946,17.233,0.64567,20.526,180.92,49488,49488,-8674.8
1.051,0.4426,0.2041,6.0763,2.3746,7.3181,-567.66,47567,47567,-3491.4,1.4582,0.52127,0.24581,6.3921,2.7974,8.0526,-206.22,41480,41480,-4323.7,0.7869,0.42259,0.23817,3.9069,1.8621,5.0783,119.16,14303,14303,-4062.1,1.6204,0.6184,0.32022,5.633,2.6202,6.9913,192.89,25090,25090,-4929.6,0.57669,0.39033,0.19259,3.8193,1.4774,5.021,-22.921,6166.3,6166.3,-3801.8,0.57619,0.43376,0.21145,4.1706,1.3283,4.7763,-1.8206,3831.6,3831.6,-2765.1,0.84956,0.66817,0.29599,4.5531,1.2715,5.1277,4.4296,4119.5,4119.5,-3204.2,1.1237,0.89293,0.34847,5.2344,1.2585,5.7871,5.3915,5171.9,5171.9,-3464.2,2.7458,0.65688,0.28794,9.872,4.18,11.817,10.514,19247,19247,-5201.6,0.97255,0.49275,0.21178,5.8094,1.9737,6.9188,10.769,4663.2,4663.2,-3282.1,0.49846,0.30571,0.19636,3.2487,1.6305,4.0954,13.842,2158.1,2158.1,-3461,0.98687,0.4988,0.25815,4.8639,1.9785,5.7551,-5.2733,2261.6,2261.6,-3413.8,1.1289,0.42777,0.22066,5.7777,2.639,7.0546,0.57201,4200.8,4200.8,-3861.6,2.213,0.69569,0.29472,8.1285,3.181,9.8694,-28.307,2553.3,2553.3,-3282.9
1.3633,0.97632,0.23016,8.496,1.3964,10.165,610.32,31709,31709,-3038.8,1.8375,1.6512,0.22836,12.486,1.1128,15.277,-39.408,20682,20682,-3296,1.0857,0.82053,0.20935,7.488,1.3232,9.1056,203.1,8991.7,8991.7,-2893.4,1.2522,1.2605,0.19726,10.293,0.99345,12.738,-10.306,5016.3,5016.3,-2723.2,1.7657,2.9699,0.27039,15.166,0.59452,17.514,13.097,5105.5,5105.5,-2834.8,1.3845,1.9929,0.43653,6.9092,0.69468,7.7369,-35.711,6865.5,6865.5,-3303.1,1.9381,1.4324,0.38754,7.4756,1.3531,8.6972,-131.35,7825.6,7825.6,-3527.9,1.999,1.7224,0.38109,8.3712,1.1606,9.765,-102.54,10197,10197,-3874,3.5252,4.6311,0.92163,7.9176,0.7612,8.8499,61.595,10990,10990,-5346.1,0.97203,1.499,0.24164,8.5437,0.64845,10.226,17.503,2510.4,2510.4,-2876.4,2.5452,1.4794,0.28101,12.125,1.7204,14.322,-22.223,3739.6,3739.6,-2962.7,0.72865,0.53322,0.14634,6.9684,1.3665,8.6227,-21.525,1596,1596,-2429.5,1.3856,1.2788,0.23484,9.604,1.0835,11.345,31.429,2629.3,2629.3,-2921.6,1.0727,0.73763,0.18735,7.5884,1.4542,9.6629,10.986,2657.1,2657.1,-2820.3
1.3001,1.2175,0.28515,7.0319,1.0678,8.8289,42.353,35886,35886,-3135.9,0.98524,0.82518,0.31822,4.4673,1.194,5.6892,184,18284,18284,-3649.8,0.68334,0.57106,0.144,6.339,1.1966,8.7109,5.0152,21093,21093,-2799.6,1.0877,0.60372,0.23638,5.3042,1.8016,7.1555,79.669,7754.8,7754.8,-3084.2,0.85928,1.0098,0.41383,3.5494,0.85096,4.5165,32.827,7902,7902,-4173.7,0.77327,0.92556,0.17287,7.7688,0.83546,9.8272,16.29,3886.6,3886.6,-2870.2,0.87893,1.4955,0.2531,7.4999,0.58773,9.3813,-22.626,5996.9,5996.9,-3432.8,1.0281,2.5778,0.24857,11.416,0.39881,14.506,-12.199,4556.6,4556.6,-3390.8,0.89779,1.18,0.20435,7.8603,0.76085,10.168,-34.451,2806.8,2806.8,-2774.2,0.75986,0.74745,0.24104,4.7817,1.0166,6.2533,-6.0668,2234.6,2234.6,-3224.5,0.53469,0.56368,0.23472,3.427,0.94857,4.6795,-11.939,2104.3,2104.3,-3327.9,0.57281,0.59788,0.15355,5.5998,0.95806,7.6243,47.888,3298.3,3298.3,-2520.8,0.85506,0.66039,0.29787,3.8987,1.2948,5.0877,-59.084,2802,2802,-3752.5,1.0926,1.0843,0.24497,6.9423,1.0077,8.8866,-3.892,2823.1,2823.1,-3315.2
11.023,4.4117,1.2122,10.923,2.4987,12.733,-151.99,1.5957e+05,1.5957e+05,-5637.7,1.2979,0.69378,0.28269,5.4015,1.8708,7.0455,-276.98,26025,26025,-3812.1,1.7896,0.95595,0.30968,7.035,1.8721,8.8657,-343.51,31968,31968,-3980.5,1.2793,0.71309,0.39602,3.911,1.7939,5.0309,-68.215,13643,13643,-4810.1,1.4891,1.3335,0.68248,3.3315,1.1166,4.1358,-59.812,13698,13698,-5984.2,2.7005,1.7486,0.57266,6.486,1.5443,7.7691,-38.125,17210,17210,-4905.5,1.4401,1.4966,0.45544,5.5373,0.96225,6.448,-3.7202,12236,12236,-4362.7,2.5892,2.0376,0.52292,7.2247,1.2707,8.848,-70.838,7364,7364,-4557.5,1.4976,1.333,0.42742,5.3097,1.1235,6.6227,-43.028,7394.4,7394.4,-4672.8,1.3678,1.1231,0.60937,3.1535,1.2179,4.0876,-48.764,7260.8,7260.8,-6272.4,2.4551,1.2116,1.3488,2.0505,2.0264,2.7186,0.77075,24644,24644,-7652.8,1.7863,0.82791,0.31935,6.3294,2.1576,8.1858,36.416,4929.8,4929.8,-3793.9,1.4244,0.93998,0.5953,2.9727,1.5154,3.9717,-88.076,4315.4,4315.4,-5449.1,8.4267,2.0576,0.83833,10.137,4.0954,12.506,336.02,53646,53646,-6362.2
6.1593,1.409,0.58626,9.908,4.3714,12.91,-1363,2.1948e+05,2.1948e+05,-5466.2,5.3122,1.4167,0.58125,9.2458,3.7496,11.577,883.44,1.5196e+05,1.5196e+05,-5660.4,1.6162,0.74586,0.2227,8.3071,2.1669,10.607,-68.18,11683,11683,-3203.1,1.2572,0.75002,0.43383,3.6363,1.6763,4.6268,-89.928,11401,11401,-4540.8,4.2855,1.1722,0.27016,16.158,3.6558,20.202,-231.11,24596,24596,-4029.3,6.138,1.6737,0.32707,19.789,3.6673,23.884,-149.58,29696,29696,-4271.7,5.9439,3.1809,0.42808,18.055,1.8686,21.316,-15.789,22585,22585,-4528.9,4.7641,2.9876,0.34531,18.899,1.5946,22.448,-68.217,17835,17835,-4340.6,6.4444,1.8518,0.31648,21.917,3.4801,26.214,-76.466,20615,20615,-4246.6,5.0409,1.361,0.28429,18.618,3.7038,22.519,-113.22,13017,13017,-3871.6,1.4205,0.87413,0.43284,3.9793,1.625,5.3013,-11.734,5646.9,5646.9,-4808.4,1.8638,0.7709,0.2377,8.6439,2.4176,11.084,1.5658,5418.3,5418.3,-3430.4,6.5848,1.5791,0.4923,13.209,4.1701,16.583,215.99,16396,16396,-6164.5,18.004,2.7822,0.89934,18.06,6.4713,23.113,142.31,36657,36657,-8073.4
1.8057,0.87053,0.29019,7.3054,2.0743,9.2225,-297.75,41697,41697,-3658.7,7.7177,3.1898,1.3184,6.5019,2.4195,8.2732,-487.78,2.1868e+05,2.1868e+05,-4994,2.5328,0.9635,0.30339,8.9433,2.6287,11.524,54.707,21646,21646,-3400.4,1.2734,1.2644,0.48915,3.8834,1.0072,5.1882,315.07,15332,15332,-4009.6,2.0592,1.9865,1.192,2.6652,1.0366,3.3942,-244.73,31578,31578,-8333.9,1.5765,1.5298,0.40951,6.5978,1.0305,7.5856,-38.406,6226.4,6226.4,-3346.4,1.366,1.6808,0.43517,6.1466,0.81273,7.0015,4.453,7853.6,7853.6,-3347.9,1.3685,1.7861,0.48234,5.7839,0.76618,6.5403,25.466,5581,5581,-3663.8,1.185,0.78919,0.27071,5.9379,1.5015,7.2926,30.496,3959.8,3959.8,-3121.4,4.3789,2.0862,1.4209,3.4965,2.0989,4.5499,56.718,29235,29235,-6575.7,1.2047,1.2044,0.6727,2.709,1.0003,3.5812,11.588,3948.9,3948.9,-4395.1,3.5118,1.1505,0.38543,9.6352,3.0523,12.097,85.67,14415,14415,-3613.8,1.8409,1.7431,0.67053,4.4015,1.0561,5.3451,-49.032,5081.1,5081.1,-5150.9,2.4195,1.0021,0.31398,8.8883,2.4146,10.897,-20.832,3046.7,3046.7,-3690.1
20.487,7.7217,2.1855,10.326,2.6531,12.907,-3647.9,1.3304e+06,1.3304e+06,-5590.4,146.49,35.073,7.7634,18.356,4.1766,23.387,2622.4,5.3938e+06,5.3938e+06,-14510,1.8126,0.7057,0.23075,8.8111,2.5685,10.914,-32.406,24405,24405,-2760.2,1.791,0.75124,0.23694,8.5117,2.3841,10.73,69.173,20093,20093,-3167.4,1.6646,0.78676,0.22949,8.4073,2.1158,10.682,77.05,15208,15208,-3056.2,1.7847,0.97103,0.25838,8.7946,1.8379,10.665,-1.0346,17074,17074,-3204.6,2.2751,2.0831,0.32438,11.286,1.0922,13.436,-3.7225,15788,15788,-3623.2,2.3439,1.8942,0.31497,11.158,1.2374,13.456,13.827,15267,15267,-3462.5,1.7277,0.85769,0.22936,9.0636,2.0144,11.272,-1.6918,9749.1,9749.1,-3185.6,2.2067,0.85586,0.28561,8.5954,2.5783,10.723,-23.474,15262,15262,-3657.5,1.6506,0.71814,0.2604,7.0318,2.2984,9.0962,-42.138,7999.9,7999.9,-3356.1,3.5788,1.1656,0.30578,12.459,3.0703,15.516,-97.805,11815,11815,-3345.7,2.5721,1.0259,0.32038,8.9727,2.5071,11.231,-20.692,11157,11157,-3508.2,5.0479,1.2148,0.39992,12.544,4.1554,15.66,-5.9853,19783,19783,-4032.4
22.633,2.0748,0.33994,59.358,10.909,72.684,-7877.5,2.8761e+06,2.8761e+06,-5184.5,4.0774,1.2256,0.27709,15.086,3.3268,19.138,-860.34,1.3098e+05,1.3098e+05,-3547.8,1.3946,0.89525,0.21636,8.7216,1.5578,10.584,-46.748,31039,31039,-3104.7,1.2555,0.9399,0.2289,7.5385,1.3358,9.5913,-510.46,39054,39054,-3292,3.9193,1.3649,0.55725,7.7392,2.8715,9.4826,543.27,84502,84502,-5075.3,3.9344,1.5455,0.30639,14.732,2.5457,17.886,567.19,78629,78629,-4002.1,4.0649,2.6416,0.38684,14.709,1.5388,17.337,563.85,75600,75600,-4217.6,4.9656,4.0251,0.44158,17.36,1.2337,20.361,463.34,65365,65365,-4528.6,4.0989,1.3006,0.27669,15.735,3.1516,19.515,318.58,41659,41659,-3736.8,4.1603,1.1844,0.32674,13.305,3.5125,16.358,274.66,36675,36675,-4274.7,0.92953,0.63464,0.18923,6.4093,1.4647,8.2659,54.575,2935.1,2935.1,-2980.4,1.172,0.8273,0.19129,8.539,1.4167,10.452,-40.527,4863.2,4863.2,-2831.5,3.1079,1.1056,0.26477,12.527,2.811,15.914,-192.14,19608,19608,-3453.2,10.639,1.618,0.29977,33.234,6.5756,40.888,-373.06,82975,82975,-4275.6
0.8085,0.42771,0.33187,2.8471,1.8903,3.725,-192.05,18142,18142,-3068.4,2.0195,0.96971,0.42621,5.5471,2.0826,7.0135,7.848,25801,25801,-3680.6,0.61906,0.29004,0.16464,4.2847,2.1344,5.5217,64.1,4336.2,4336.2,-2460.6,4.1709,1.1902,0.45007,9.4866,3.5044,11.912,-34.5,14828,14828,-3323.1,1.4293,1.1463,0.61212,3.3753,1.2469,4.2076,168.16,11066,11066,-6720.3,0.89909,1.2424,0.54361,3.0906,0.72369,3.9394,104.85,5178,5178,-4040.3,0.98147,1.9656,1.0055,2.227,0.49932,2.931,-18.669,7603,7603,-5745.6,0.83555,0.813,0.44648,2.8713,1.0277,3.6924,66.332,2978.9,2978.9,-3236.5,0.74535,0.82428,0.42112,2.9347,0.90423,3.7272,53.123,2723.4,2723.4,-3297.5,2.5606,1.3801,0.54141,5.9474,1.8555,7.2787,29.142,3768.9,3768.9,-4798.5,0.84742,0.45278,0.2232,4.4212,1.8716,5.8252,-9.187,2360,2360,-3167.2,1.2143,0.59025,0.20341,6.817,2.0573,8.8714,1.9645,4188.8,4188.8,-2797.4,1.8139,0.66547,0.32069,5.9734,2.7257,7.7313,-106.79,3638.4,3638.4,-4006.6,1.8995,0.76649,0.43602,4.764,2.4782,6.1144,-75.111,2924.5,2924.5,-3741.2
1.1273,0.68978,0.26544,5.4938,1.6343,6.8454,107.16,32795,32795,-3307.5,1.0409,0.56876,0.23067,5.3669,1.8301,6.9783,-12.337,12972,12972,-3131.5,1.2114,0.7054,0.36075,4.111,1.7173,5.3134,25.387,13309,13309,-3778.6,0.94913,0.60812,0.28654,4.141,1.5608,5.4346,13.594,7356,7356,-3578.7,54.354,16.878,5.2041,11.772,3.2204,13.688,65.212,4.0459e+05,4.0459e+05,-17163,1.2452,0.88906,0.37098,4.5743,1.4006,5.7531,1.028,7124.2,7124.2,-4084.7,2.9205,2.1547,0.56323,7.3611,1.3554,9.0108,-59.02,15472,15472,-4769.5,1.0704,1.6275,0.32508,6.8626,0.65771,8.2992,32.184,4904.1,4904.1,-3696.7,0.98065,0.74355,0.30053,4.5857,1.3189,5.7372,13.787,4460.1,4460.1,-3884.2,1.0795,0.8656,1.5198,1.0466,1.2471,1.2798,-15.515,8216.5,8216.5,-7055.9,1.1203,0.62776,0.22646,6.0087,1.7846,7.7192,-18.581,3489.2,3489.2,-3171.2,1.7185,0.75561,0.31908,6.3544,2.2743,7.7539,-29.837,8176.7,8176.7,-4065.8,1.7086,0.64313,0.25732,7.0799,2.6567,9.1392,12.215,4640.9,4640.9,-3628.1,1.4148,0.9083,0.34132,5.6523,1.5576,6.8063,3.2228,3336.4,3336.4,-3630.4
0.88606,1.276,0.16193,10.528,0.69438,13.352,-478.48,23202,23202,-2956.4,0.76138,0.66569,0.19578,5.6358,1.1438,7.289,-317.98,9502.8,9502.8,-2953.8,1.4103,1.0897,0.23762,8.1153,1.2942,10.521,163.47,10861,10861,-3197.8,0.66435,0.54739,0.16677,5.6326,1.2137,7.2658,11.161,4266.4,4266.4,-2623.6,1.1801,1.5121,0.65352,3.3322,0.78043,4.1196,-33.463,9548.1,9548.1,-5266.3,1.3343,1.9101,0.24287,10.802,0.69852,13.358,-16.757,5715.5,5715.5,-3405.2,3.462,3.329,0.40015,13.925,1.0399,16.971,154.69,25647,25647,-5314.7,0.98782,2.0681,0.22644,10.866,0.47765,13.496,-32.85,3852.9,3852.9,-3341.9,1.0065,0.85161,0.23945,5.9812,1.1819,7.76,28.743,3571.5,3571.5,-3260.7,1.226,1.5663,1.4127,1.615,0.78278,1.9765,-71.745,8172.8,8172.8,-8334.7,0.8908,0.64001,0.16306,7.194,1.3919,9.3881,31.596,2437.8,2437.8,-2758.4,1.2689,1.5302,0.21297,10.438,0.82924,13.143,17.438,2336.3,2336.3,-3078.7,1.0455,0.93167,0.22409,6.8551,1.1222,8.8231,14.552,3125.3,3125.3,-3162.9,0.86211,1.4587,0.15751,11.418,0.59103,14.734,-18.572,1561.7,1561.7,-2950.4
0.74557,0.66887,0.13499,7.6219,1.1147,10.478,-107.59,18868,18868,-2727.6,0.55827,0.58513,0.13211,6.3802,0.9541,8.6548,52.633,8125.4,8125.4,-2515.6,0.55233,0.43837,0.10892,6.4877,1.26,9.096,-75.98,5382.4,5382.4,-2796.6,0.4861,0.86048,0.13909,7,0.56492,9.6815,-4.7884,3997.9,3997.9,-2866.3,0.51303,0.72886,0.15409,5.8731,0.70388,8.0594,9.4995,2677.5,2677.5,-2609,0.58973,0.64564,0.18659,5.1471,0.91341,6.6208,58.755,2699.3,2699.3,-2831.9,0.78618,0.6199,0.16162,6.6425,1.2682,8.6998,66.549,2917.1,2917.1,-2920,0.42435,0.33679,0.10201,5.5992,1.26,7.4617,31.349,1687,1687,-2314.2,0.61646,0.64811,0.15046,6.44,0.95117,8.4049,35.557,1807,1807,-2787.9,0.51992,0.56624,0.1421,5.595,0.91821,7.6438,-22.365,1376.8,1376.8,-2274.1,0.46312,0.73217,0.16364,5.2752,0.63253,7.3043,1.6208,1321,1321,-2710.6,0.7094,0.7288,0.14928,7.0715,0.97338,9.6341,-12.903,1115.8,1115.8,-2540.4,0.63281,0.71571,0.32863,3.0304,0.88418,4.1034,-18.551,2229.5,2229.5,-3976.3,0.77679,0.68944,0.16854,6.4177,1.1267,8.6998,-41.816,1648.1,1648.1,-2930.2
0.80008,0.32376,0.21475,4.0379,2.4712,5.2332,-25.194,17149,17149,-3507.7,1.1977,0.48921,0.30185,4.3836,2.4482,5.5885,95.911,12187,12187,-3833.8,0.67663,0.30012,0.14903,5.1909,2.2546,6.5541,-10.417,5066.8,5066.8,-2747.8,0.55101,0.32542,0.2147,3.2027,1.6932,4.0822,10.596,4024.6,4024.6,-3029.8,0.98094,0.50229,0.22979,5.3225,1.9529,6.4548,-14.299,4616.9,4616.9,-3054.9,0.64999,0.52959,0.26034,3.8518,1.2273,4.5309,14.472,2246,2246,-2719,0.84141,0.62536,0.34184,3.7194,1.3455,4.2908,7.8525,2788.6,2788.6,-3235.5,0.76649,0.49385,0.25726,4.1419,1.5521,4.8991,2.4605,2305,2305,-3036.9,0.50395,0.36972,0.22452,3.2606,1.3631,3.8912,8.6373,1604.4,1604.4,-2770.9,0.70366,0.43408,0.2701,3.4291,1.621,4.2123,-13.595,2077.1,2077.1,-3411.5,0.52999,0.32416,0.22044,3.0169,1.635,3.8748,0.38739,1518.8,1518.8,-3108.3,1.3163,0.66141,0.28639,5.4454,1.9901,6.9057,-22.332,3195.3,3195.3,-3861.3,0.81122,0.36975,0.25735,3.6702,2.194,4.5889,1.737,1605.5,1605.5,-3396.5,0.92483,0.3396,0.25971,3.7365,2.7233,4.8686,2.2579,1450.1,1450.1,-3551.9
2.0171,2.074,0.26088,13.057,0.97256,15.682,-552.83,1.3154e+05,1.3154e+05,-3617.2,1.3099,1.9394,0.21178,12.565,0.67541,15.343,-143.8,28261,28261,-3011.8,1.0485,1.4599,0.20675,10.071,0.71822,12.133,-7.9908,14957,14957,-3196.5,1.1388,1.6615,0.25458,8.9341,0.68539,11,-51.436,22242,22242,-3458.9,2.5921,2.8994,1.4995,2.9449,0.89401,3.6621,65.354,38818,38818,-9828.2,1.5678,2.5578,0.37921,9.2301,0.61294,10.879,136.73,11975,11975,-3915.6,3.8317,7.2174,0.58393,16.609,0.53089,18.922,129.6,32788,32788,-5182.1,1.2566,8.1755,0.46606,18.227,0.1537,20.238,-47.982,14597,14597,-4966.3,1.4484,2.5777,0.34751,10.083,0.56187,11.586,-32.83,6477.3,6477.3,-3623.3,1.172,1.825,0.51742,4.6413,0.64223,5.7922,14.803,7412.2,7412.2,-6642,0.71676,1.8058,0.31132,6.5654,0.39693,8.1025,-19.933,4254.8,4254.8,-3961.1,1.0152,2.0041,0.22898,11.127,0.50656,13.186,-37.218,5483.7,5483.7,-3348.7,1.45,2.3073,0.29839,10.297,0.62844,12.592,32.765,17548,17548,-4026.4,1.8786,2.37,0.34471,10.144,0.79266,12.325,-15.212,7437.7,7437.7,-4745.2
1.0904,0.44768,0.15663,7.6756,2.4357,9.8202,-309.59,27717,27717,-2747.3,1.7935,0.64686,0.20234,9.4556,2.7726,12.061,130.62,26234,26234,-2848.8,157.5,71.757,19.216,10.726,2.1949,11.93,-1252.7,1.6109e+06,1.6109e+06,-21892,2.5276,1.0136,0.32167,9.0674,2.4937,11.009,197.31,33322,33322,-3734.4,1.5745,0.82411,0.31445,5.9228,1.9106,7.6279,111.7,15619,15619,-3579.3,1.7822,0.82401,0.23819,9.0533,2.1628,10.942,184.83,10601,10601,-2844.4,1.9506,1.0614,0.28733,8.8177,1.8378,10.483,47.329,7475.6,7475.6,-3359.9,2.1008,0.8755,0.25346,9.7036,2.3996,11.743,44.309,8156.5,8156.5,-3146.8,2.1869,0.76654,0.2369,9.9686,2.853,12.467,75.746,7725.2,7725.2,-3178.9,1.9205,0.71799,0.24336,8.5759,2.6748,10.842,97.46,7300.6,7300.6,-3219.8,1.8785,0.79132,0.26194,8.1019,2.3738,10.192,87.698,7412.5,7412.5,-3355,2.7088,0.89344,0.26157,11.38,3.0319,13.771,-40.47,4863.6,4863.6,-3104.3,2.4523,0.88784,0.26533,10.034,2.7621,12.589,-47.068,4924.3,4924.3,-3586.9,2.7699,0.92073,0.26448,11.111,3.0084,13.954,-61.401,6233.8,6233.8,-3492
2.9259,0.92638,0.22018,12.843,3.1585,17.496,185.23,94629,94629,-3881.5,2.6299,0.92511,0.23262,11.374,2.8427,15.282,-372.74,36985,36985,-3603.5,1.2575,0.6966,0.19544,7.2194,1.8052,9.9987,251.18,9987.2,9987.2,-2647.5,1.6651,0.76437,0.21858,8.0606,2.1784,11.115,-127.69,11780,11780,-3448,1.2664,0.6315,0.29945,4.7814,2.0053,6.3377,-65.041,7084.6,7084.6,-4462.9,1.4837,0.73193,0.24528,6.7893,2.0271,9.0328,-59.314,5320.3,5320.3,-3512.7,1.6383,0.79925,0.22836,8.071,2.0498,10.674,43.938,6259.7,6259.7,-3558.2,1.5457,0.85417,0.24411,7.3723,1.8096,9.8312,20.913,4779.1,4779.1,-3607.1,1.3366,0.66039,0.17873,8.1995,2.024,11.173,-30.937,3934.5,3934.5,-3342.6,1.4541,0.7459,0.29858,5.536,1.9494,7.3681,4.0405,4012.7,4012.7,-4171.1,1.7245,0.89341,0.27272,7.1602,1.9303,9.5991,46.435,5160.1,5160.1,-3803.2,1.7425,0.90308,0.25227,7.6018,1.9295,10.487,59.807,4374.5,4374.5,-3374.4,3.5173,0.98155,0.32123,10.254,3.5834,14.005,-21.461,7801.9,7801.9,-3781.5,3.4044,1.2312,0.32514,11.255,2.765,14.257,-13.411,7362.7,7362.7,-4506.9
2868.4,1439.5,490.44,7.6416,1.9926,8.7836,-17212,8.7229e+07,8.7229e+07,-1.4085e+05,18.477,9.7449,3.4423,7.019,1.8961,8.1985,155.67,2.6646e+05,2.6646e+05,-11694,18.329,9.4115,3.233,7.4355,1.9475,8.5802,312.96,1.855e+05,1.855e+05,-11475,11.504,6.2057,2.2391,6.7263,1.8538,7.9096,243.92,1.0067e+05,1.0067e+05,-9577.9,17.122,8.906,3.1315,7.1632,1.9225,8.3115,456.66,1.1971e+05,1.1971e+05,-11944,17.751,9.1551,3.1691,7.3367,1.9389,8.4899,389.21,1.0835e+05,1.0835e+05,-11480,18.525,9.6895,3.2984,7.3982,1.9118,8.554,365.57,87258,87258,-11449,18.844,9.2708,3.2544,7.4997,2.0326,8.6392,243.51,68810,68810,-11305,18.11,8.8382,3.0833,7.5541,2.0491,8.7399,189.94,62272,62272,-11212,19.049,9.2115,3.4539,7.0493,2.0679,8.1821,220.64,58898,58898,-11860,18.002,8.9061,3.1325,7.4209,2.0213,8.5899,63.58,48618,48618,-11210,18.899,9.3576,3.2543,7.5048,2.0196,8.6826,73.512,49138,49138,-11596,19.312,9.3353,3.4885,7.0868,2.0688,8.212,5.835,45612,45612,-12015,18.807,9.2599,3.2613,7.4451,2.031,8.606,20.502,40730,40730,-11594
9.3385,3.6554,1.344,8.1342,2.5547,9.6681,652.77,2.8639e+05,2.8639e+05,-6737.5,8.7624,3.1787,1.0936,9.3605,2.7566,10.919,924.49,1.6016e+05,1.6016e+05,-5967.3,1193,484.34,135.65,11.053,2.4631,12.365,-5275.7,1.3549e+07,1.3549e+07,-61242,29.606,10.331,2.7923,12.396,2.8658,14.303,1085.7,1.359e+06,1.359e+06,-13837,3.9982,1.8585,0.79865,6.0106,2.1513,7.3333,152.25,29490,29490,-4608.4,8.6842,3.9894,1.2101,9.1218,2.1768,10.473,91.83,55425,55425,-6160,8.6014,4.4279,1.2998,8.8463,1.9425,10.024,160.37,51485,51485,-6172.2,8.8713,4.3036,1.2567,9.1718,2.0614,10.484,202.24,49181,49181,-6090.6,8.8658,3.815,1.241,8.9552,2.3239,10.218,125.69,35735,35735,-6019.8,8.9754,3.871,2.6731,3.9625,2.3186,4.8059,97.004,34071,34071,-8412.7,8.6258,3.5115,1.3261,7.8033,2.4564,9.1527,202.94,34457,34457,-6593.1,8.4434,3.6031,1.0907,9.545,2.3434,11.044,76.095,27075,27075,-6216.9,9.4562,3.5892,1.2712,8.7833,2.6346,10.262,-64.537,31260,31260,-6506.1,9.3476,3.6485,1.4607,7.4516,2.562,8.8973,37.288,23723,23723,-7279.9
2.8196,2.1414,0.61271,6.7916,1.3167,8.0968,-53.981,63647,63647,-4267.7,4.5666,1.9474,1.2045,4.143,2.345,5.4082,-160.58,43310,43310,-5036.7,1.6516,2.0345,0.55777,5.4679,0.81181,6.6088,-25.378,13440,13440,-3866,1.5721,1.6534,1.7013,1.4644,0.9508,1.8959,55.196,19356,19356,-7719.6,1.7101,1.6152,1.0209,2.6151,1.0588,3.2572,-13.941,13123,13123,-6581.6,1.3142,1.6488,0.48972,5.2229,0.79704,6.0505,-39.761,7014,7014,-4097.8,3.4381,4.3455,0.75915,8.8936,0.79117,10.253,60.266,12818,12818,-5557.5,1.3505,3.1297,0.41873,9.3505,0.43152,10.699,-10.779,7043.8,7043.8,-4126,1.4533,2.1287,0.48962,6.4475,0.68273,7.3158,5.4378,6221,6221,-4239.5,2.2335,2.8913,2.199,1.8292,0.77251,2.3305,-36.938,11734,11734,-8914.6,1.5586,2.2275,1.1591,2.587,0.69971,3.2663,36.46,5512.6,5512.6,-5422,1.8633,1.8177,0.46304,6.7912,1.0251,7.9496,-19.496,3741.8,3741.8,-3849.8,1.8799,1.6745,1.3972,2.0205,1.1227,2.5439,4.9486,5750,5750,-6679.6,2.8673,2.3697,0.67994,6.4791,1.21,7.7021,20.867,4210.9,4210.9,-4673.5
1.0049,1.1934,0.29132,6.4753,0.84204,7.5457,-138.87,25935,25935,-3163.6,1.0095,0.85121,0.26071,5.7227,1.186,7.1373,-74.934,13942,13942,-3063.2,1.6574,1.5822,0.4122,6.6484,1.0476,7.8592,663.58,17095,17095,-3143,0.77472,0.94452,0.38643,3.5751,0.82023,4.449,-29.991,7530.3,7530.3,-3837.8,0.71115,0.74539,0.29633,4.1409,0.95406,4.9152,2.7414,4390.7,4390.7,-3135.1,0.6471,0.66614,0.22297,4.9578,0.97142,5.8897,26.727,4023.8,4023.8,-2641.9,1.3458,3.0071,0.63052,6.2999,0.44753,6.9037,-34.521,8167.5,8167.5,-4406.3,1.483,8.2418,1.0755,8.4014,0.17994,9.0417,-7.7434,13866,13866,-5931.3,1.0132,2.3803,0.54027,5.6121,0.42564,6.281,20.012,5005.9,5005.9,-4049.6,1.3063,1.4566,0.45812,5.211,0.89678,6.0309,10.682,3604.1,3604.1,-4280.6,0.77282,0.85223,0.29885,4.5432,0.90682,5.4378,13.547,2484.6,2484.6,-3310.6,1.7017,1.347,0.40673,6.5233,1.2633,7.4957,-1.4921,2966.6,2966.6,-3546.2,1.2709,0.98343,0.34342,5.4447,1.2924,6.5645,-21.175,3883.4,3883.4,-3419.8,1.6551,1.4367,0.40552,6.6186,1.152,7.6241,-113.95,5362.4,5362.4,-3647.3
3.4316,3.1622,0.83987,4.3635,1.0852,7.8509,153.76,1.4582e+05,1.4582e+05,-9549.9,6.5276,8.9567,0.78361,15.197,0.7288,19.76,-822.98,1.696e+05,1.696e+05,-5809.7,1.2294,2.4083,0.2409,11.7,0.51048,15.101,82.775,15253,15253,-3859.6,1.8642,2.1331,0.3372,8.9687,0.87392,11.854,-29.972,17562,17562,-4285.8,1.3111,1.4474,0.21123,10.017,0.90584,13.059,-86.274,10540,10540,-3130.9,1.0204,2.7967,0.19983,15.977,0.36487,19.102,2.4913,6058.6,6058.6,-2968.1,1.0699,5.4484,0.226,24.527,0.19638,28.842,7.6202,8779.4,8779.4,-3711.2,1.8808,21.657,0.37252,53.804,0.086845,63.185,-16.519,25254,25254,-6773.7,2.7252,3.5875,0.31439,15.27,0.75963,20.079,291.87,16485,16485,-4175.4,1.7147,2.9336,0.24634,15.714,0.58448,18.869,-46.484,4715.1,4715.1,-3276.7,1.3865,1.6113,0.21946,10.19,0.86054,13.66,-62.97,5102.1,5102.1,-3475.5,1.2538,1.909,0.19554,12.858,0.65677,16.174,-24.451,3500.8,3500.8,-3202,1.8309,2.011,0.22005,14.193,0.91042,17.459,6.4627,4067.8,4067.8,-3284,2.1834,3.2064,0.56981,7.4658,0.68094,9.4589,42.79,6589.8,6589.8,-5460.6
1.3881,1.6822,0.25966,9.3889,0.82521,11.824,-138.7,48371,48371,-3364,7.449,4.8451,1.0472,10.218,1.5374,11.74,1521.8,1.176e+05,1.176e+05,-4429.7,1.4929,1.2251,0.23379,9.3772,1.2186,11.625,-601.49,23654,23654,-3412.8,1.241,1.2895,0.25011,7.9554,0.96241,10.118,138.22,14658,14658,-3539.3,1.0194,1.3294,1.2426,1.3971,0.76684,1.8903,127.01,17099,17099,-8775,1.8377,4.1102,0.41171,12.056,0.44711,14.447,-48.563,9491.5,9491.5,-3865.5,3.028,9.6838,0.45469,24.016,0.31268,27.957,255.01,21261,21261,-3947.1,1.9649,6.9844,0.33746,22.376,0.28133,26.52,163.18,13216,13216,-4024.6,1.6915,1.8045,0.44536,6.2224,0.93741,7.8497,-10.943,6042.7,6042.7,-4025.2,6.1082,2.4731,0.95413,7.3607,2.4698,8.9939,-264.32,28677,28677,-6456.5,1.0051,1.038,0.20014,7.9268,0.96826,10.209,-67.822,4798.5,4798.5,-3219.8,1.8908,1.62,0.30936,9.4611,1.1671,11.349,-212.51,8344.5,8344.5,-3735.3,3.0823,2.359,0.44549,9.9453,1.3066,12.214,98.241,8218,8218,-4315,3.8999,2.4349,0.51893,9.6928,1.6017,12.207,-23.345,15995,15995,-4478.9
1.1044,0.46838,0.30763,4.151,2.3579,5.1126,-10.563,62401,62401,-3490.4,1.9767,0.74921,0.57067,3.684,2.6384,4.7767,-424.58,45377,45377,-4033.8,0.56517,0.40856,0.22519,3.4607,1.3833,4.3241,-5.0996,9977.5,9977.5,-3149.7,0.81805,0.502,0.59145,1.6811,1.6296,2.2319,19.235,8320.6,8320.6,-3881.4,1.0843,0.82521,0.92032,1.6267,1.314,2.0749,212.13,15865,15865,-5304.8,1.009,0.88809,0.43725,3.593,1.1361,4.3387,66.627,8514.8,8514.8,-3884.9,0.89447,0.80782,0.3798,3.7403,1.1073,4.4821,-3.6381,7556.5,7556.5,-3711.3,1.5582,1.4309,0.69314,3.506,1.089,4.3124,-59.253,9021.8,9021.8,-4613,0.98569,0.67292,0.33182,4.0796,1.4648,4.9985,9.7079,4407,4407,-3701.9,1.0357,0.68274,0.3749,3.8538,1.5169,4.5836,17.846,5222,5222,-4335.2,0.93735,0.63955,0.37037,3.3831,1.4656,4.2576,-10.711,4428,4428,-5691.5,0.49469,0.3163,0.16682,3.6997,1.564,4.8614,18.45,1742.1,1742.1,-2899,3.4304,1.1549,0.72709,5.2104,2.9703,6.3064,-48.346,11131,11131,-7655.4,0.48562,0.27359,0.14444,3.9832,1.775,5.2564,6.8754,1351.1,1351.1,-2580.7
1.1175,0.99201,0.2309,7.339,1.1265,9.1361,-434.44,52473,52473,-3446.2,4.2373,2.3198,0.33343,16.04,1.8266,19.665,738.64,73858,73858,-4231.1,1.1662,1.6165,0.27349,8.1356,0.72147,10.175,52.131,17853,17853,-5001.1,1.2111,1.2081,0.18738,9.9907,1.0024,12.911,-314.29,13151,13151,-4487.3,1.5614,1.2687,0.2053,10.836,1.2307,13.785,-60.665,9736,9736,-3880.9,1.0945,2.7487,0.27058,12.037,0.39819,14.204,100.76,6084.9,6084.9,-3522.1,1.647,6.5986,0.42823,16.708,0.24959,19.255,10.01,11966,11966,-4430.9,1.3413,5.4678,0.38773,15.408,0.2453,17.561,37.828,5310.1,5310.1,-3601.1,1.0442,2.5614,0.29464,10.455,0.40765,12.237,42.977,3715.3,3715.3,-3353.1,1.5529,2.1658,0.30139,10.444,0.717,12.339,-11.586,4787.4,4787.4,-3758,0.78952,1.1082,0.24295,6.0778,0.71246,7.811,-71.407,3840,3840,-3992.1,1.0772,1.4004,0.2019,9.7351,0.7692,12.272,14.301,3745.1,3745.1,-3814.3,4.3664,2.0673,0.27073,19.136,2.1121,23.764,-38.76,15998,15998,-4940.9,1.6464,1.8913,0.43182,6.4921,0.87052,8.1927,16.486,4289.6,4289.6,-4442.1
5.0886,1.9621,0.66569,8.4726,2.5935,10.592,-353.37,99375,99375,-5007.5,15.616,3.861,1.2265,12.415,4.0445,15.88,451.72,3.1668e+05,3.1668e+05,-7979.1,1.9095,0.69686,0.39512,4.9809,2.7401,6.5963,2.2227,15612,15612,-4167.2,4.2041,1.2576,0.68917,6.0025,3.343,7.925,339.61,25701,25701,-4631.5,2.6216,0.90987,0.3901,6.9882,2.8813,9.0526,121.32,17544,17544,-4265.5,2.3168,0.91618,0.41073,6.0978,2.5288,7.8713,58.072,8860.6,8860.6,-3905.5,4.2755,1.5056,0.54891,8.5487,2.8398,10.532,10.557,11119,11119,-4739.3,3.2134,1.2708,0.47989,7.3698,2.5286,9.3441,18.483,6791,6791,-4271.2,3.3268,1.2342,0.44823,7.9747,2.6956,10.175,-11.97,7257,7257,-4588.1,2.1984,0.83597,0.3858,6.1311,2.6298,7.8652,-19.16,7090.7,7090.7,-3999.7,4.4689,1.0717,0.65772,6.1612,4.1698,8.424,-73.064,16933,16933,-4751.6,9.6593,1.7844,0.8295,10.689,5.4131,13.796,-80.326,54159,54159,-6852.7,8.8155,2.458,1.1153,7.9766,3.5865,10.108,-35.78,25554,25554,-6352.7,5.6447,1.714,0.88535,6.2456,3.2932,8.3117,-39.991,10209,10209,-5877.1
3.3748,1.2294,0.94041,3.6006,2.7451,4.896,-32.762,96830,96830,-6918.4,11.643,4.8723,3.815,3.1846,2.3896,4.329,334.98,3.0073e+05,3.0073e+05,-14115,2.2061,1.0741,0.66779,3.5607,2.0539,4.9119,308.93,56155,56155,-5411.2,4.6549,2.536,2.4709,2.0586,1.8355,2.9102,332.6,61452,61452,-10379,34.749,14.862,6.8183,5.4466,2.3381,7.2761,-428.32,2.7459e+05,2.7459e+05,-19198,2.5393,1.5846,0.95254,3.1794,1.6025,4.3294,-16.763,20647,20647,-7301.1,3.3344,1.6607,0.72598,5.2867,2.0078,6.8805,-57.681,17794,17794,-5949,2.6413,1.696,0.73475,4.526,1.5574,5.9031,1.771,12029,12029,-5757.8,3.0504,1.9262,1.1213,3.2721,1.5837,4.4384,19.092,13206,13206,-6668.5,3.2152,2.4055,2.7497,1.4612,1.3366,2.0441,-3.7257,20913,20913,-8475.6,6.348,2.3435,1.7117,3.6376,2.7088,5.0777,5.2843,36962,36962,-8868.7,1.8728,0.93019,0.50378,4.1248,2.0134,5.564,-122.23,12261,12261,-4919.5,13.872,4.696,2.5164,5.4974,2.954,7.3787,43.674,49897,49897,-11152,3.6032,1.3181,0.64592,5.82,2.7336,7.6192,31.695,8586,8586,-5717
8.2131,4.7304,0.59965,18.653,1.7363,21.585,850.05,3.3761e+05,3.3761e+05,-5088.1,10.595,5.8482,0.94695,14.849,1.8116,17.364,-1546,4.1094e+05,4.1094e+05,-6221,3.0685,4.1259,0.53891,11.768,0.74372,13.35,-129.25,30866,30866,-4532.2,4.1095,4.0467,0.65046,10.814,1.0155,12.539,-955.21,74237,74237,-4794.1,4.2454,4.1568,0.78461,9.6121,1.0213,10.709,-134.93,32254,32254,-5515.8,3.7553,9.8183,1.1212,10.412,0.38248,12.106,-87.622,19300,19300,-5153.8,3.9351,12.66,0.99749,15.182,0.31084,16.637,-4.0978,15864,15864,-5158.8,4.1369,11.329,0.9123,15.446,0.36517,16.953,143.56,13814,13814,-4655,2.9877,6.8577,0.77301,10.995,0.43567,12.736,142.51,10843,10843,-4428.2,3.7074,4.3276,0.68398,10.308,0.85671,11.747,112.47,15377,15377,-4772.8,3.7811,3.4917,0.62545,9.8553,1.0829,11.628,176.3,20977,20977,-5054.8,3.0305,3.7507,0.53686,10.995,0.80799,12.631,24.413,8645.7,8645.7,-4098.7,10.634,6.3325,1.1309,12.523,1.6793,15.003,144.33,50572,50572,-6258.1,2.8914,3.3027,0.44492,11.932,0.87549,13.922,1.0933,8399.3,8399.3,-3952.5
13.234,3.48,1.1052,12.315,3.8029,15.123,-74.099,1.3431e+06,1.3431e+06,-6613,7.5041,2.682,0.64397,12.67,2.7979,15.818,-218.47,97950,97950,-6158.8,1.6962,1.3564,0.43246,5.9595,1.2505,7.0588,-43.377,25639,25639,-4544.3,3.9159,1.9651,0.5684,8.3374,1.9928,10.347,-345.77,51298,51298,-5895.7,2.5092,2.508,0.45253,8.9853,1.0005,11.087,-156.35,23546,23546,-5008.5,1.7921,1.5627,0.44243,6.2522,1.1468,7.5827,20.462,12597,12597,-4723.1,2.7592,1.9107,0.78013,5.0265,1.4441,5.9862,26.511,12635,12635,-5971,3.3711,2.7082,0.84205,6.164,1.2448,7.2197,49.932,14254,14254,-6426.4,2.0518,1.2109,0.40727,6.4448,1.6945,8.0112,-107.77,14698,14698,-4532.7,1.7544,1.8794,0.66393,4.4004,0.93349,5.4731,58.418,8416.1,8416.1,-5343.9,6.1314,1.8486,0.60889,9.9246,3.3168,13.106,108.65,50954,50954,-8561.5,1.9514,1.2082,0.34653,7.4062,1.6152,9.1179,33.511,5940.1,5940.1,-4193.1,7.2974,3.1148,0.93558,9.0932,2.3428,11.129,52.924,15671,15671,-6530.6,3.9103,1.8013,0.49822,9.3363,2.1708,11.464,14.193,11719,11719,-5135
6.2674,0.8876,0.70863,8.1582,7.0611,10.097,542.29,77304,77304,-5288.3,4.4494,1.4914,1.3195,3.7698,2.9834,4.5023,391.08,48253,48253,-6543.8,3.1598,0.61791,0.4503,6.7166,5.1137,8.3895,-12.044,11798,11798,-4504.4,24.959,12.054,4.3554,7.3663,2.0705,8.4982,81.622,1.2553e+05,1.2553e+05,-12651,1.8719,0.93908,2.2787,0.9914,1.9933,1.2336,96.796,20953,20953,-9778.8,2.2827,0.80146,0.482,5.1382,2.8482,6.3986,-108.92,8095.9,8095.9,-4854.2,5.2751,1.8967,0.75921,7.9781,2.7813,9.4464,29.265,14929,14929,-5595,2.1185,0.83128,0.47832,5.0081,2.5484,6.1669,-42.62,4960.1,4960.1,-4400.6,1.7546,0.5527,0.38008,4.7256,3.1745,6.0704,61.451,4623.7,4623.7,-4146.9,2.3199,1.1455,1.9019,1.453,2.0252,1.822,-6.7014,11014,11014,-9485.6,1.9227,0.75904,0.86872,2.4808,2.5331,3.0871,-43.03,5228,5228,-6151.4,3.3037,0.67267,0.53624,6.0057,4.9113,7.4152,-29.079,3715.3,3715.3,-5004.1,4.9942,1.6983,1.3231,4.0783,2.9407,5.0582,-59.874,9410.4,9410.4,-8174.9,3.8532,0.66956,0.56557,6.3786,5.7548,7.9968,-13.897,2735.8,2735.8,-4811.2
8.959,2.7265,0.73039,13.798,3.2859,15.999,1758.6,1.5903e+05,1.5903e+05,-3547,6.2033,1.9249,0.41791,15.764,3.2227,19.45,157.97,81752,81752,-3655.9,1.6955,0.72509,0.2331,8.0916,2.3383,10.385,51.064,12611,12611,-3168.4,2.8721,1.0692,0.31038,10.184,2.6861,12.698,186.1,21248,21248,-3486.3,2.339,1.2375,0.4695,5.7431,1.8901,7.6179,-5.1397,14818,14818,-4368.7,2.2096,1.0963,0.30444,9.0072,2.0156,10.859,-12.43,8154.2,8154.2,-3017.9,4.9778,2.3073,0.4663,13.436,2.1575,15.623,-68.342,22890,22890,-4454.3,2.4311,1.2647,0.3101,9.9187,1.9223,11.918,-44.845,7229.9,7229.9,-3604.1,1.7501,0.78476,0.23204,8.7244,2.2301,10.924,58.292,4120,4120,-2993.8,3.8213,1.8394,0.73254,6.1562,2.0774,7.7275,76.033,20696,20696,-5121.5,2.6412,1.215,0.40672,7.7503,2.1738,9.4811,-3.0022,6707.3,6707.3,-3830.7,2.3341,0.9377,0.29463,8.953,2.4892,11.105,-73.475,5454,5454,-3314.8,4.1569,1.4237,0.4141,11.161,2.9198,13.477,-84.561,14611,14611,-3280,2.3313,0.8707,0.2482,10.399,2.6775,12.901,-93.262,5003.2,5003.2,-3050.8
3.6033,1.0998,0.90509,4.6311,3.2763,5.1964,-1989.8,1.1078e+05,1.1078e+05,-5390.6,7.1591,2.3984,0.718,10.637,2.985,13.311,-1527.5,93240,93240,-5346.6,1.3587,0.51646,0.1933,7.8093,2.6307,9.7005,41.386,12791,12791,-2920.1,3.5047,1.1957,0.43563,8.5907,2.931,10.79,-375.34,27329,27329,-4172.1,2.1595,1.0297,0.46912,5.3445,2.0972,6.7983,-40.41,12647,12647,-3393.7,2.0764,1.0026,0.47588,5.1115,2.0711,6.4702,41.647,7481.6,7481.6,-3837.6,2.8819,1.0136,0.35994,8.7415,2.8432,10.823,-66.162,9567.7,9567.7,-3716.1,1.9612,0.83813,0.33281,6.7139,2.34,8.4112,109.32,4876.8,4876.8,-3875.3,2.4132,1.0543,0.47489,5.674,2.2889,7.3017,117.79,6696,6696,-4888.4,2.2882,1.0746,0.44652,5.9335,2.1294,7.531,108.5,7054.6,7054.6,-4071,3.8129,1.4116,0.42594,9.691,2.7012,12.266,201.09,10045,10045,-4215.1,1.72,0.69731,0.28807,6.5782,2.4667,8.3916,45.167,6704.9,6704.9,-3661.4,8.4375,2.5904,0.77634,11.458,3.2572,14.205,120.03,17653,17653,-5398.6,3.5997,1.0261,0.35243,10.244,3.5081,13.125,-35.489,5707.6,5707.6,-4033.1
2.4534,2.7359,0.40022,11.667,0.89675,12.966,-176.12,57375,57375,-3551.4,4.6597,4.6799,0.61763,12.967,0.99568,15.122,-350.83,64372,64372,-4686.2,1.9289,2.3095,0.41905,9.0282,0.83521,10.114,-76.04,19772,19772,-3632.5,2.6534,3.3898,0.41686,12.524,0.78276,14.497,-132.23,18292,18292,-3841.5,3.1662,4.6549,0.59091,11.73,0.68017,13.236,-258.26,17591,17591,-4433.7,3.4828,6.1614,0.79054,11.136,0.56527,12.2,-166.33,16623,16623,-4863.6,11.505,9.4034,2.1332,8.8623,1.2235,9.8017,184.92,62476,62476,-9608.5,5.2246,8.3496,0.94283,13.137,0.62572,14.397,-85.927,15959,15959,-5433.7,4.104,7.8585,0.83317,13.251,0.52223,14.358,-2.3112,15756,15756,-5326.3,2.8511,5.2089,0.53287,13.378,0.54735,15.126,35.8,7486.9,7486.9,-4208.5,2.4609,3.2459,0.41141,11.967,0.75816,13.871,133.14,7642.9,7642.9,-3816.3,2.3606,2.1913,0.41883,9.5857,1.0773,10.868,20.729,6557.2,6557.2,-3727.5,3.7673,3.5206,0.57053,10.745,1.0701,12.774,69.701,8838.8,8838.8,-5280.4,2.7112,2.5351,0.41522,11.012,1.0695,12.635,25.747,4024.8,4024.8,-3686.7
2.6598,0.74941,0.94769,2.6467,3.5492,3.5974,519.47,2.6476e+05,2.6476e+05,-7148.1,14.663,2.32,1.0325,12.598,6.3205,16.449,-164.15,6.3793e+05,6.3793e+05,-7170.9,1.2596,0.36341,0.24445,5.0012,3.466,6.6393,-122.03,15524,15524,-3157,3.2387,0.63197,0.329,8.7943,5.1248,11.765,-31.205,39159,39159,-3689.6,1.836,0.65983,0.27219,7.0454,2.7825,9.1693,-110.6,15684,15684,-3373.9,1.6932,0.68832,0.29209,6.4163,2.4599,8.1533,-78.528,11123,11123,-3252.7,1.7463,0.60845,0.27965,6.4994,2.87,8.4201,-78.765,8730.5,8730.5,-3466.7,2.487,0.70431,0.27741,8.7102,3.5311,11.504,-56.785,8969.9,8969.9,-3478.2,1.4269,0.50066,0.23878,6.1906,2.8501,8.0725,-51.419,6664.9,6664.9,-3178.5,1.8007,0.74655,0.37846,5.3269,2.412,6.7306,-6.4669,8181.4,8181.4,-3678.6,1.6745,0.54365,0.32813,5.2075,3.0801,6.76,-34.747,10071,10071,-3529.5,1.4002,0.36579,0.16506,8.0768,3.828,10.699,170.29,11109,11109,-2777.7,8.2973,2.0444,1.1979,6.7757,4.0585,8.6329,75.234,30960,30960,-6444.5,4.2655,1.2443,1.0856,3.9129,3.428,5.0755,15.548,15396,15396,-7392.5
1.7118,0.79642,0.31768,6.359,2.1494,7.8956,450.01,39183,39183,-3586.1,3.0938,1.372,0.60442,5.5622,2.2549,7.3885,154.25,40789,40789,-5900.5,2.1016,1.0437,0.55601,4.3759,2.0135,5.6568,-21.329,19177,19177,-5403.2,1.5496,1.3543,1.8093,1.1369,1.1442,1.605,38.99,31335,31335,-11432,2.8655,1.3772,0.41057,8.4443,2.0807,10.334,-70.293,16783,16783,-4271.2,2.3365,1.8309,0.61242,5.5522,1.2762,6.8048,47.416,10773,10773,-4922.3,2.7789,1.9147,0.55474,6.9014,1.4514,8.461,-49.167,9657.1,9657.1,-5108.1,2.6932,2.0393,0.43861,9.2188,1.3207,10.79,-29.488,7076,7076,-3995.3,2.3722,2.1807,0.77599,4.7087,1.0878,5.8673,-11.21,8211.8,8211.8,-5227.8,2.7668,1.6658,0.56136,6.3199,1.661,7.8962,-87.742,8026.4,8026.4,-4945.7,1.2397,0.75226,0.28476,5.6077,1.6479,6.995,-11.895,2757.3,2757.3,-2983.8,1.7208,0.92139,0.29816,7.1639,1.8676,8.8615,52.656,3585.9,3585.9,-3518.4,1.9264,0.87157,0.33741,6.4671,2.2103,8.2926,-28.295,4430.8,4430.8,-3379.4,2.056,0.89131,0.30414,7.9469,2.3067,9.6905,45.833,2741.7,2741.7,-3464.1
4.9668,2.0477,0.85618,6.5928,2.4256,8.1928,41.131,81871,81871,-5100.6,8.7584,3.5174,1.0091,9.9572,2.49,12.166,-203.74,1.2068e+05,1.2068e+05,-6676.2,2.1301,1.2462,0.50241,5.5184,1.7093,6.7203,-20.99,15956,15956,-4008.9,3.0694,1.6222,0.54902,6.9017,1.8921,8.5454,-98.631,22639,22639,-4399.8,2.1967,1.6742,0.5518,5.6003,1.3121,7.0151,-57.29,11203,11203,-3515.4,1.8101,1.5473,0.56711,4.7551,1.1699,5.9202,-38.979,9268.1,9268.1,-3807.8,3.666,2.265,0.64626,7.7279,1.6185,9.1774,-2.22,11435,11435,-5134.6,3.1201,1.7773,0.58505,7.1371,1.7555,8.3708,34.931,7277,7277,-4266.3,2.3733,1.4168,0.48001,6.603,1.6752,7.8959,12.52,4514.7,4514.7,-3854.8,2.53,1.9911,0.67012,5.4187,1.2707,6.7466,29.757,5918.2,5918.2,-4264.7,4.1003,2.0573,0.73571,6.6844,1.993,8.3697,-2.0719,12323,12323,-5314.8,2.4262,1.7286,0.83327,4.0687,1.4036,4.9861,-25.011,5954.1,5954.1,-4600.1,10.578,3.974,1.1817,10.037,2.6618,12.314,74.285,19679,19679,-7537.3,22.973,10.659,3.7971,7.4893,2.1552,8.8573,1.9448,44223,44223,-10373
13.83,3.5196,1.0853,13.006,3.9294,15.986,1682.1,1.7046e+05,1.7046e+05,-6204.5,46.916,30.89,3.6991,17.265,1.5188,21.034,-117.02,2.4276e+05,2.4276e+05,-6026.3,3.9513,2.2757,0.42665,11.257,1.7363,14.595,-52.139,19434,19434,-4700.4,20.183,12.801,2.0954,13.282,1.5767,15.741,163.44,45350,45350,-6020.7,13.411,6.3022,1.6037,9.6244,2.128,12.292,207.35,20974,20974,-4065.2,12.324,3.874,1.4299,9.0094,3.1813,11.328,51.802,14766,14766,-4291.2,38.109,11.51,3.0172,14.569,3.3109,16.445,116.26,18634,18634,-4824.6,6.1577,2.2617,1.0531,6.5645,2.7226,7.9951,35.614,10438,10438,-4912.5,20.668,12.544,2.9072,9.4117,1.6477,11.424,179.96,9681.6,9681.6,-3944.3,13.401,6.9027,1.6127,10.817,1.9414,12.59,143.78,10299,10299,-4404.4,22.299,10.465,2.0115,13.097,2.1307,16.288,-9.0157,21072,21072,-5046.7,10.818,3.8066,1.2266,9.2633,2.842,11.923,-0.85308,14351,14351,-7466.2,52.01,46.216,5.6529,14.023,1.1254,17.376,-106.33,36784,36784,-5812.9,58.906,31.419,7.7682,10.024,1.8749,11.628,-425.53,33056,33056,-10480
2.7577,1.327,0.72826,4.3744,2.0782,5.6088,771.76,1.6909e+05,1.6909e+05,-5499.7,14.864,5.1923,1.3167,12.079,2.8627,15.233,146.37,3.424e+05,3.424e+05,-6690.7,1.8259,1.7603,0.30945,9.7263,1.0373,11.589,133.7,23248,23248,-3529.3,6.7097,2.3539,0.40764,17.671,2.8505,22.234,355.92,87983,87983,-3760.6,2.1294,2.9423,0.26623,15.317,0.72372,19.05,142.8,17965,17965,-3134.2,1.7769,2.5496,0.28208,12.806,0.69694,15.338,84.396,10147,10147,-3132.6,2.2553,2.7404,0.37531,11.526,0.82299,13.311,62.481,11582,11582,-3683.3,3.3179,4.672,0.59151,11.734,0.71017,13.507,-82.228,18968,18968,-4339.5,1.7164,1.4344,0.30855,8.0894,1.1966,10.212,70.743,8365.3,8365.3,-3366.8,2.6916,3.8922,0.51946,9.8925,0.69155,12.674,-81.546,9073.6,9073.6,-3457.3,2.3012,1.7486,0.33964,9.538,1.316,11.924,-136.96,10546,10546,-3237.6,0.91088,0.75997,0.19245,6.8484,1.1986,8.6822,-13.873,2988.8,2988.8,-2757.7,10.083,5.436,0.89414,14.337,1.8549,17.356,-151.19,28887,28887,-5414.7,3.0331,2.6888,1.4948,2.9523,1.128,3.8278,-5.1414,8869.9,8869.9,-8011.9
2.7646,0.89664,0.24964,11.546,3.0833,14.666,-793.15,1.1203e+05,1.1203e+05,-3292.8,5.7952,1.6222,0.26623,22.655,3.5724,27.861,801.95,2.1589e+05,2.1589e+05,-3615.2,1.4692,0.72284,0.2067,8.3322,2.0325,10.605,87.669,21726,21726,-3079.4,2.5583,0.8793,0.19822,13.641,2.9095,17.342,-89.505,46090,46090,-2950.7,1.6107,0.87404,0.19157,10.109,1.8428,12.97,222.74,17792,17792,-3121.9,1.2807,0.65068,0.20649,7.5195,1.9682,9.3535,143.13,9233.4,9233.4,-2979.8,3.5256,1.2718,0.43871,9.294,2.7721,10.935,25.454,13144,13144,-4135,2.2599,0.83636,0.2745,9.2113,2.702,11.279,-16.732,5462.4,5462.4,-3317.1,1.0273,0.59185,0.23987,5.0892,1.7357,6.7501,58.343,3816.2,3816.2,-3207,2.0464,1.1617,0.2809,8.723,1.7616,11.42,-3.0632,10510,10510,-3728.5,3.172,0.9929,0.26539,12.035,3.1947,15.693,-37.956,16442,16442,-3335.6,1.5185,0.71616,0.23315,7.5055,2.1203,9.5846,-37.764,8422.9,8422.9,-3102.9,8.2563,2.0211,0.35738,23.886,4.0851,28.758,-68.264,36190,36190,-3978.9,2.3585,0.70711,0.23431,10.365,3.3354,13.083,-104.92,26436,26436,-3395.7
4.5131,1.3411,0.33915,13.42,3.3652,17.261,34.006,70567,70567,-3876.7,8.7474,3.9676,1.349,7.2665,2.2047,9.4255,-100.24,1.2103e+05,1.2103e+05,-7446.3,3.4206,1.6845,0.54849,7.1055,2.0306,9.3076,390.78,41890,41890,-4996.1,3.9857,2.1016,1.2955,3.3147,1.8966,4.6986,197.18,37956,37956,-8293.3,4.6526,3.1327,0.67104,9.1242,1.4852,11.602,75.853,18869,18869,-5022.7,4.4168,2.7295,0.61609,8.8222,1.6182,11.599,162.26,20711,20711,-5214.9,4.046,3.3613,0.67806,8.8323,1.2037,10.924,34.966,19255,19255,-5729.9,3.5759,2.8314,0.60916,8.328,1.2629,10.518,2.2706,15885,15885,-5697.4,3.9446,2.3341,0.64969,7.6429,1.69,9.6641,-44.943,14262,14262,-4844.4,5.8319,2.225,0.75302,8.4954,2.6211,10.699,-55.941,16036,16036,-5584.2,5.6306,2.729,1.2648,4.9798,2.0633,6.6096,-63.03,18189,18189,-6415.7,2.9155,1.7017,0.47229,7.1206,1.7133,9.7762,-59.159,8120.5,8120.5,-5073,18.278,7.3524,2.2084,8.8245,2.4859,11.606,-37.76,42894,42894,-8929.3,5.2513,1.7754,0.46135,11.767,2.9578,15.231,-39.452,7838.6,7838.6,-5055.7
0.79095,0.31748,0.1403,6.1369,2.4913,7.9003,64.582,20644,20644,-2538.3,3.0474,0.91195,0.39394,7.919,3.3416,10.051,-476.98,1.1079e+05,1.1079e+05,-4512.2,0.55379,0.26686,0.11021,5.6775,2.0752,7.4463,88.778,6724.1,6724.1,-2376.8,0.74227,0.39864,0.18963,4.6702,1.862,6.0166,17.29,11808,11808,-2743.7,2.0228,0.94,0.46897,5.1966,2.1519,6.3176,-172.29,66205,66205,-3859.3,0.89396,0.57938,0.19181,6.2017,1.543,7.681,54.919,7690.6,7690.6,-2854.4,1.0587,0.58197,0.18606,7.2988,1.8191,8.8178,19.784,4841,4841,-2379.4,1.1253,0.79158,0.20507,7.831,1.4215,9.3473,3.3498,3931.6,3931.6,-2860.2,0.63433,0.36775,0.12014,6.4788,1.7249,8.3408,15.941,2183.8,2183.8,-2420.1,1.3236,0.91793,0.21621,8.6382,1.4419,10.367,21.893,8301.1,8301.1,-3029.9,0.75181,0.38228,0.21929,4.1015,1.9667,5.1717,-0.36419,4866.2,4866.2,-3145.6,0.41985,0.22638,0.11134,4.4666,1.8547,5.804,22.519,1231.8,1231.8,-2313,5.447,1.617,1.4992,3.8451,3.3686,4.7119,13.51,31690,31690,-8692,0.73594,0.28513,0.1608,4.9835,2.5811,6.3499,8.3037,1552.2,1552.2,-2725.6
4.0275,1.0223,0.32478,12.711,3.9397,15.548,-976.26,1.7327e+05,1.7327e+05,-3455.4,19.729,3.491,0.48227,40.552,5.6513,48.147,-11.053,4.5247e+05,4.5247e+05,-5042.2,1.5522,0.5691,0.23685,7.0741,2.7274,8.9562,-91.711,19733,19733,-3280.7,6.8701,1.3558,0.36888,17.938,5.0672,22.3,-143.03,81524,81524,-4030.8,4.0138,1.4515,0.38054,12.268,2.7652,14.362,153.8,34650,34650,-3476.7,2.3908,1.0172,0.38733,7.3816,2.3503,8.7989,112.05,19612,19612,-3440.7,3.4732,1.4586,0.54616,7.6466,2.3812,9.0299,29.309,14077,14077,-4130.2,2.805,1.3179,0.51834,6.7999,2.1284,7.9542,87.683,11204,11204,-4214.5,1.8746,0.93814,0.34132,6.6626,1.9982,8.2406,-32.435,15019,15019,-3542.2,6.8568,1.902,0.49283,14.62,3.605,17.772,231.81,29203,29203,-4331.8,7.158,1.4676,0.56563,12.442,4.8774,15.25,-24.256,39964,39964,-5236.8,1.603,0.69624,0.30631,6.0459,2.3024,7.5064,-12.853,8463.2,8463.2,-3618.4,25.457,3.8513,0.69726,35.3,6.6101,42.034,-80.661,1.1843e+05,1.1843e+05,-6406.1,6.4511,1.5195,0.77895,8.2345,4.2456,10.232,-75.632,34023,34023,-6094.9
5.4255,1.678,0.50168,12.507,3.2332,14.159,-1522.4,1.9968e+05,1.9968e+05,-4319.8,7.8935,2.2522,0.59056,14.728,3.5049,17.18,-780.63,1.6831e+05,1.6831e+05,-4565.3,2.3329,0.91904,0.27642,9.2989,2.5384,11.764,-235.79,39802,39802,-3717.9,4.7614,1.4576,0.37499,14.013,3.2666,16.585,-220.56,42907,42907,-4251,3.5587,1.3063,0.50986,8.2024,2.7243,9.5418,-67.013,22962,22962,-4235.3,4.8257,2.3249,0.71093,8.3784,2.0757,10.058,19.168,17025,17025,-4802.7,7.7141,3.4117,0.62846,16.136,2.2611,17.703,22.131,16459,16459,-4329.7,4.8734,2.4621,0.51443,12.798,1.9793,14.259,8.7982,11796,11796,-3835.3,4.0883,2.0911,0.97022,5.39,1.9551,6.369,82.823,16618,16618,-5872.3,3.4159,1.7572,1.0571,4.128,1.944,4.8936,98.6,12471,12471,-6058.2,3.0896,1.1145,0.50557,6.9849,2.7722,8.3156,26.993,21131,21131,-4299.5,2.3164,1.0635,0.25718,11.296,2.178,13.143,7.324,5296,5296,-3071.9,9.1802,2.6862,0.88208,11.27,3.4176,13.453,131.19,35893,35893,-5555.5,4.0091,1.3932,0.60393,7.6978,2.8776,8.9453,60.456,10950,10950,-4440
0.89299,0.34093,0.12361,7.477,2.6193,9.9822,-352.18,16779,16779,-2583.1,7.4568,2.6209,0.72998,11.097,2.8452,13.805,-5.6427,94458,94458,-5926.6,0.81428,0.40577,0.15258,6.546,2.0068,7.9961,-56.518,6018.5,6018.5,-2595.9,1.3011,0.59381,0.18541,8.0204,2.1912,10.22,-113.9,7021.8,7021.8,-2938.6,1.6926,1.1137,0.24812,9.0038,1.5198,11.31,23.3,10496,10496,-3534.8,0.96932,0.79728,0.23565,6.13,1.2158,7.4965,-11.782,4266.8,4266.8,-3288.9,1.4847,1.0112,0.3244,6.3821,1.4682,7.694,-6.7319,6807.2,6807.2,-3602.9,1.5613,1.158,0.34501,6.5006,1.3483,7.8817,26.253,6964.8,6964.8,-4507.9,0.4618,0.31362,0.13697,4.2835,1.4725,5.6614,3.9197,1622.9,1622.9,-2691.6,1.8486,2.08,0.61126,5.3459,0.88871,6.427,38.193,4636.1,4636.1,-3860,1.3071,0.692,0.26067,5.8819,1.8889,7.6692,25.223,3017,3017,-3303.1,0.4991,0.23345,0.097182,5.7288,2.1379,7.5379,-20.427,1119,1119,-2257.8,5.0312,2.3661,0.62529,9.4911,2.1264,11.83,16.928,9256.8,9256.8,-4722,1.7257,0.74663,0.20958,9.5699,2.3113,11.797,7.8795,2831.5,2831.5,-3130.2
2.548,0.97606,0.35062,8.4645,2.6105,10.051,-399.6,61531,61531,-3962,7.6901,2.4831,0.64656,13.248,3.0969,15.734,126.13,85251,85251,-4951,1.5966,0.73314,0.29923,6.46,2.1777,7.7859,-313.95,15766,15766,-3859.7,2.9694,1.1223,0.36577,9.0051,2.6458,11.186,242.54,15989,15989,-3701.9,4.43,1.5242,0.72926,6.2346,2.9065,8.1647,-156.58,27441,27441,-8246.6,2.675,1.1266,0.46644,6.6163,2.3745,8.1503,165.16,15063,15063,-4456.6,4.1247,1.7261,0.63933,7.5481,2.3896,9.1513,215.89,13843,13843,-5851.2,2.5852,1.4169,0.61102,5.2266,1.8245,6.5498,105.06,8463.1,8463.1,-5525.3,2.1936,1.1678,0.46214,5.8557,1.8784,7.2736,111.58,7103.2,7103.2,-4741.9,3.2567,1.3244,0.52409,6.8712,2.459,8.741,-61.629,6808,6808,-4640.1,4.2811,1.289,0.43281,10.119,3.3212,12.87,49.876,12042,12042,-4193.5,3.3743,0.92558,0.34949,10.158,3.6456,12.303,-83.865,6443.6,6443.6,-3796.5,6.3875,2.1096,0.58546,11.785,3.0279,14.514,18.179,11817,11817,-4213,2.8627,0.95822,0.36277,8.6112,2.9875,10.532,-186.23,6788.7,6788.7,-4113.3
6.6488,3.3713,0.62063,13.885,1.9722,16.145,643.61,1.231e+05,1.231e+05,-4365.3,16.009,6.8139,0.88163,21.305,2.3494,25.887,737.97,2.4885e+05,2.4885e+05,-5602,6.9098,3.2424,0.72813,12.404,2.1311,13.943,163.1,41285,41285,-4794.8,5.3182,3.0733,0.5414,12.742,1.7304,15.5,133.61,37255,37255,-4637.5,5.4015,3.4085,0.49278,15.521,1.5847,17.878,183.11,45357,45357,-4175.8,5.0324,4.5374,0.7497,11.081,1.1091,12.765,-128.56,15931,15931,-4564.8,7.0471,6.8396,0.77349,15.859,1.0303,17.953,-57.997,17280,17280,-4911.4,6.2382,7.0378,0.68495,17.246,0.88638,19.382,-55.656,12414,12414,-4743.9,3.5614,3.1801,0.48157,11.418,1.1199,13.999,94.023,9301.7,9301.7,-4051.2,6.8663,5.2405,0.59705,17.654,1.3102,20.278,-103.5,17065,17065,-4534,3.8415,2.3068,0.40191,12.451,1.6653,15.297,-61.573,10407,10407,-4120.7,7.0617,4.1488,1.012,9.8434,1.7021,11.077,-49.308,13903,13903,-5362.5,10.108,4.124,0.56421,21.152,2.4511,25.225,39.083,23542,23542,-4537.1,4.1517,2.1754,0.46706,11.576,1.9085,13.547,-106.19,14211,14211,-4154.2
6.2174,2.3573,0.70761,10.348,2.6376,12.118,-29.699,1.5047e+05,1.5047e+05,-5120,10.279,3.3901,0.87976,13.233,3.032,15.537,433.75,2.5913e+05,2.5913e+05,-5732.2,654.06,280.1,67.712,12.183,2.3351,13.796,-3094.3,4.7307e+06,4.7307e+06,-48036,6.7049,2.6824,0.75579,10.593,2.4996,12.42,282.72,53438,53438,-5174.1,5.2209,2.2681,0.66155,9.4638,2.3019,11.32,248.91,33833,33833,-4855.2,5.011,2.2311,0.7215,8.5432,2.246,10.038,244.64,22697,22697,-4889.9,8.4869,3.8094,0.93324,11.78,2.2279,13.176,141.32,24569,24569,-5460.3,6.3389,2.8509,0.82729,9.8031,2.2235,11.108,116.26,15883,15883,-4972.3,4.7923,2.1079,0.62253,9.3808,2.2735,11.084,101.56,12740,12740,-4554,5.186,2.2155,0.62617,10.02,2.3408,11.82,91.478,13287,13287,-4675.6,7.0137,2.7167,0.72709,11.265,2.5817,13.383,46.908,19992,19992,-4951.8,5.544,2.4983,0.72159,9.6265,2.2191,11.145,22.513,10105,10105,-5035.5,12.781,3.9606,0.89404,15.955,3.2269,18.725,-35.408,32205,32205,-5682.7,5.4909,2.2306,0.59409,11.069,2.4616,12.997,37.701,9370.2,9370.2,-4888.4
2.1071,0.84436,0.20012,12.534,2.4955,14.749,257.41,36564,36564,-2425.1,2.8962,1.6737,0.33691,11.426,1.7304,13.564,-763.68,32842,32842,-3327.1,2.8923,1.7178,0.32927,11.807,1.6837,14.001,-631.05,38415,38415,-2797.7,1.5901,0.92828,0.21844,9.6489,1.713,11.529,53.662,10530,10530,-2701.1,1.5459,1.5007,0.24734,10.338,1.0301,12.318,-55.122,7232.9,7232.9,-2950.7,2.8886,1.6221,0.34497,11.408,1.7808,13.075,1.158,7344.7,7344.7,-3440.1,4.9668,2.2144,0.56412,11.143,2.2429,12.73,-93.406,47529,47529,-4303.1,4.2981,2.3748,0.45329,13.005,1.8099,14.721,57.115,11293,11293,-3937.6,5.0929,2.7172,0.61005,11.28,1.8743,12.803,26.505,13987,13987,-4925.1,2.0848,1.1126,0.25504,10.577,1.8739,12.537,79.105,3422.4,3422.4,-2997.8,1.3194,0.72193,0.20167,8.3408,1.8277,10.123,80.924,2989.1,2989.1,-2719.1,1.1913,0.59782,0.16212,9.1799,1.9928,11.036,33.152,2156.3,2156.3,-2436.3,2.5599,1.23,0.27813,11.441,2.0813,13.626,80.231,3672.6,3672.6,-3087.4,1.918,0.77347,0.19414,11.534,2.4797,13.863,3.8168,4885.3,4885.3,-2736.1
1.6111,0.69653,0.26589,6.7905,2.313,8.6787,-110.96,35705,35705,-3825.2,3.2329,1.3291,0.66795,5.3736,2.4324,6.8299,77.327,43867,43867,-5783.6,2.2469,1.3281,0.51295,5.6913,1.6919,6.9694,57.652,19899,19899,-4935.3,1.1928,0.65778,0.81052,1.6377,1.8134,2.2832,-124.71,21457,21457,-9113.4,3.6214,1.1988,0.63929,5.7989,3.0209,7.5399,-92.213,19475,19475,-6262.9,1.1329,0.64807,0.23624,5.7292,1.7481,7.5389,-29.37,5805,5805,-3792.8,17.122,8.5035,2.5806,8.5815,2.0135,9.9297,35.953,58618,58618,-11127,1.7849,1.1038,0.30966,7.4546,1.617,9.3285,-15.006,4302.6,4302.6,-3924.3,1.0083,0.64387,0.20599,6.2121,1.5659,8.0207,15.08,5101.2,5101.2,-3434.2,1.0333,0.57088,0.24605,4.828,1.8101,6.5198,24.618,3130,3130,-3344.7,1.4647,0.58822,0.40341,3.7152,2.4901,5.0889,-32.958,4962.4,4962.4,-4058.8,0.84343,0.40777,0.22677,3.9227,2.0684,5.5174,17.21,2155.1,2155.1,-3731.4,2.5392,1.0284,0.46158,5.7911,2.4691,7.729,35.572,4600.3,4600.3,-3996,2.1154,0.77642,0.34689,6.3985,2.7245,8.3362,7.1097,4069,4069,-4190
15.012,4.1656,2.0992,6.8425,3.6037,9.1356,1561.9,7.5954e+05,7.5954e+05,-7258.1,49.755,10.188,1.6673,29.507,4.8839,35.952,-143.1,2.6715e+06,2.6715e+06,-8561.8,161.38,80.02,20.325,10.612,2.0168,11.877,361.49,3.7314e+05,3.7314e+05,-11756,13.926,3.6134,1.1658,11.402,3.854,15.045,89.481,3.3243e+05,3.3243e+05,-7303.9,7.9311,3.9313,0.94922,10.184,2.0174,12.497,-194.18,55949,55949,-5922.1,5.8275,3.396,0.89998,8.4824,1.716,10.249,116.45,1.5461e+05,1.5461e+05,-5468,3.647,1.7591,0.64641,6.9571,2.0732,8.3634,-54.58,14413,14413,-4539.9,5.6898,2.254,0.63109,10.005,2.5243,12.587,11.103,20208,20208,-5126.9,4.4987,2.0173,0.58899,8.7554,2.23,11.063,28.013,22241,22241,-4807.8,6.4131,2.7525,0.73032,10.137,2.33,12.55,-19.238,35789,35789,-5222.5,15.286,4.7041,4.0564,3.5823,3.2496,4.9281,-199.72,3.0337e+05,3.0337e+05,-15129,6.6465,2.251,2.0967,3.0237,2.9527,4.2437,-85.021,37473,37473,-9396.4,40.914,9.9088,2.5838,15.326,4.129,19.67,-4.825,3.1621e+05,3.1621e+05,-11682,20.768,5.2017,2.1755,9.0164,3.9925,11.937,76.253,85023,85023,-8635.4
3.3309,1.0786,0.52909,6.3851,3.0881,8.3343,-1202.7,1.7283e+05,1.7283e+05,-5323.1,36.63,7.8746,2.3598,14.375,4.6516,18.859,-1329.7,2.1404e+06,2.1404e+06,-10403,3.3744,1.0669,0.43731,7.6173,3.1628,10.156,-35.039,41922,41922,-6215.2,4.8289,1.8751,1.155,4.0929,2.5753,5.8045,-225.57,1.2114e+05,1.2114e+05,-11070,4.1448,1.5728,0.51802,8.3453,2.6353,11.037,-78.9,51660,51660,-5806.3,5.148,1.686,0.48883,11.265,3.0533,13.98,-78.673,36570,36570,-5232.2,5.3149,2.1742,0.60065,9.8749,2.4445,12.468,221.21,34115,34115,-5672.4,5.3644,2.6545,0.73594,8.5891,2.0209,10.896,-57.039,21337,21337,-5803.4,5.9887,2.234,0.6681,9.7554,2.6806,12.308,-58.887,23324,23324,-6074.9,5.492,2.1313,0.56831,10.653,2.5768,13.414,70.361,22303,22303,-5578.9,8.9962,2.4776,1.0501,7.7435,3.6311,10.927,399.22,86701,86701,-9342.4,3.7779,1.5126,0.72777,5.5346,2.4977,7.2694,-51.308,13209,13209,-7217.3,10.577,2.9359,1.0749,9.0385,3.6025,12.571,28.44,37480,37480,-8662.3,16.466,3.1165,1.4877,10.275,5.2836,13.163,23.191,31512,31512,-8100.2
6.8731,0.69691,0.24713,23.903,9.8622,30.631,-626.32,1.0607e+05,1.0607e+05,-2876.7,14.152,4.8912,1.6342,8.1496,2.8934,11.653,-1329.8,4.6135e+05,4.6135e+05,-5974.6,8.8042,1.0015,0.32558,23.342,8.7907,30.118,114.23,22944,22944,-3646.3,2.8102,1.5356,0.57364,5.6672,1.83,7.5758,74.625,24444,24444,-3925.5,6.8874,2.6729,1.2709,5.566,2.5767,7.5227,-202.31,40586,40586,-6501.1,4.7066,1.5663,0.44615,11.421,3.0049,14.06,23.241,14675,14675,-3600.3,3.7746,1.7049,0.41727,10.676,2.2139,13.132,93.424,9062.5,9062.5,-3691.6,4.5457,2.2242,0.59427,9.3807,2.0437,11.392,39.221,8882.9,8882.9,-4216.9,2.9868,0.63153,0.28112,9.8313,4.7294,12.871,52.712,4981.8,4981.8,-3424.2,7.3906,2.2527,1.4644,4.8732,3.2808,6.5854,-45.03,43691,43691,-4786.9,4.1034,2.2579,1.9711,2.2626,1.8173,3.2272,89.658,26002,26002,-9837.5,5.7356,0.56517,0.25996,17.961,10.148,24.237,-55.3,6271.1,6271.1,-2973.9,16.941,5.914,2.1504,8.1053,2.8645,10.628,98.572,62140,62140,-7404.4,17.248,1.6964,0.44632,33.564,10.167,42.445,65.784,10031,10031,-3986.4
8.4663,2.0658,0.45013,18.685,4.0983,23.398,914.12,3.2618e+05,3.2618e+05,-4395.9,14.684,3.3462,0.46351,33.07,4.3884,38.9,1176.6,3.8582e+05,3.8582e+05,-4856.4,3.6711,1.2,0.35056,11.494,3.0592,13.896,472.01,58926,58926,-3702,7.0257,1.9596,0.3853,19.105,3.5852,23.321,510.25,98672,98672,-4352.6,3.9845,1.3122,0.30318,14.418,3.0366,17.471,278.65,42965,42965,-3539.7,2.7471,1.4126,0.36108,9.585,1.9447,11.52,196.46,27799,27799,-3699.6,3.814,1.9009,0.40789,11.754,2.0065,14.011,175.96,29790,29790,-3998.1,4.6087,2.088,0.42265,13.3,2.2072,15.844,137.28,25643,25643,-4060.3,2.5549,1.1648,0.30585,9.7761,2.1934,12.162,103.19,15619,15619,-3348.6,3.4341,1.2065,0.28916,13.299,2.8464,16.048,42.823,18742,18742,-3319.3,41.934,8.3604,3.0484,12.736,5.0158,16.499,-1150.5,1.4208e+06,1.4208e+06,-9485.1,2.3442,1.0484,0.40884,6.5935,2.236,8.2979,111.68,20102,20102,-3883.6,30.482,7.3602,1.0617,30.868,4.1414,35.641,-125.62,96469,96469,-5981.2,12.342,3.0496,0.6641,18.595,4.047,23.177,-2.5139,31413,31413,-5085.3
7.274,2.2587,0.95611,7.7344,3.2204,9.9703,-1.432,1.6167e+05,1.6167e+05,-4438.6,13.188,3.7633,0.95128,14.229,3.5045,17.82,-593.34,3.3399e+05,3.3399e+05,-5804.4,4.7441,2.0538,0.92508,5.7161,2.3099,7.3485,-450.38,81927,81927,-4308.7,4.6093,1.9433,0.94023,5.3219,2.3719,6.9692,38.697,51850,51850,-5844.4,5.2442,2.3639,0.64859,9.4778,2.2185,11.73,21.328,27841,27841,-4705,4.0088,1.8155,0.559,8.2117,2.2081,10.419,128.57,12067,12067,-3935.6,3.6159,1.9629,0.44254,10.127,1.8422,12.606,81.01,9638.5,9638.5,-3771.5,4.5673,2.5186,0.50831,11.313,1.8134,13.94,79.782,11053,11053,-3980.6,3.0183,1.605,0.46019,8.0806,1.8806,10.047,83.675,6941.4,6941.4,-3751.6,3.1825,2.0623,0.6454,6.4733,1.5432,8.1266,85.448,9041.9,9041.9,-4025.9,3.7897,1.6103,1.1814,3.3978,2.3534,4.5708,-135.62,17539,17539,-4875,3.3685,1.5606,0.55858,7.0442,2.1584,8.8245,-30.432,6179.2,6179.2,-3443.7,19.42,5.2568,1.3951,14.012,3.6943,17.688,55.588,72873,72873,-6054.2,8.1994,2.2495,0.7657,10.516,3.645,13.646,-12.29,14008,14008,-4207.6
1.8209,0.7441,0.46252,4.3175,2.4471,5.5456,413.46,24960,24960,-2838.3,4.1995,1.858,0.59893,7.9014,2.2602,10.114,-128.15,31565,31565,-4161.4,1.5135,0.67518,0.25399,6.6785,2.2416,8.6171,104.14,9117.4,9117.4,-2746.1,1.797,0.76428,0.36192,5.4347,2.3512,7.0769,-127.25,8829.8,8829.8,-3854.9,0.93735,0.49342,0.25262,4.4436,1.8997,5.6636,-46.334,3857.8,3857.8,-2764.9,1.2422,0.70967,0.33929,4.4703,1.7505,5.7529,-68.982,4720.3,4720.3,-3463.4,1.1263,0.88357,0.45405,3.2997,1.2747,4.4266,-56.08,3930.2,3930.2,-3831.3,0.86129,0.53974,0.29605,3.5958,1.5957,4.7324,-0.6164,2175.1,2175.1,-2988.7,1.006,0.68715,0.37683,3.4204,1.464,4.4931,-33.469,2310,2310,-3455.3,1.2215,0.68598,0.29925,5.085,1.7807,6.3741,43.507,2246,2246,-2943.6,1.3171,0.68267,0.27649,5.4667,1.9293,7.2325,0.3906,2062.4,2062.4,-2876.1,0.80847,0.36928,0.17478,4.9894,2.1893,6.7387,14.963,1296.9,1296.9,-2551.9,3.8102,1.4908,0.56548,7.2252,2.5558,9.3743,31.526,4944.3,4944.3,-4089,1.6977,0.73929,0.57866,3.199,2.2964,4.2114,25.352,2726.8,2726.8,-3931.2
3.4752,1.6175,0.7252,5.2294,2.1485,7.0225,1100.3,90705,90705,-3554.6,11.304,3.7839,1.3363,8.6889,2.9873,11.29,853.46,2.0191e+05,2.0191e+05,-5011,2.3157,1.2086,0.80129,3.2981,1.916,4.3983,323.35,21911,21911,-3385,3.8576,1.8487,0.83986,5.0894,2.0867,6.7943,314.9,40795,40795,-4008.8,5.2384,2.7784,1.1024,5.6515,1.8854,7.2721,259.45,29070,29070,-4879.1,2.1806,2.1232,0.87203,3.9638,1.027,4.9353,80.955,7487.5,7487.5,-3640,4.6419,2.7061,1.1773,4.8756,1.7154,6.2413,-65.18,11195,11195,-4561,4.2508,1.9362,0.71264,7.0007,2.1954,8.6818,33.515,9332,9332,-3987,2.0084,2.2809,1.0228,3.191,0.88054,4.1937,-17.371,3653.6,3653.6,-3210,2.9125,2.3999,1.1812,3.4892,1.2136,4.4973,-96.616,9048.3,9048.3,-5076.2,7.6278,4.5145,1.4022,6.5626,1.6896,8.6596,-262.69,30406,30406,-4110,3.7634,2.2604,0.89952,5.0978,1.6649,6.6966,17.454,11100,11100,-3410.8,9.9082,3.1136,1.0567,9.4813,3.1823,12.323,-146.91,28016,28016,-4934.3,4.9109,1.857,0.8962,5.7977,2.6445,7.5518,-65.661,9151.3,9151.3,-5199.6
1.3782,0.89864,0.20703,8.8195,1.5337,10.998,-60.019,29345,29345,-3220.8,4.5889,1.6982,0.58568,8.5061,2.7021,10.735,135.5,40810,40810,-5576.7,1.5004,0.80712,0.23422,7.7397,1.859,9.8522,-88.54,11280,11280,-3747.6,1.4314,0.66269,0.25245,6.1098,2.16,8.2952,3.0925,7895.2,7895.2,-3916.1,3.7029,1.788,0.56349,7.8122,2.071,9.7444,-13.178,13414,13414,-4857.9,2.0933,2.2612,0.33852,10.238,0.92571,12.864,14.159,7419.1,7419.1,-3899.6,2.3892,2.534,0.43065,9.458,0.94288,11.432,27.527,8207.5,8207.5,-4555.3,1.6039,1.4226,0.304,8.212,1.1274,9.9554,-5.8881,4459.4,4459.4,-3711,1.9313,1.415,0.36684,7.4692,1.3649,9.1223,-15.924,5536.1,5536.1,-4636.9,1.8103,1.2804,0.97783,2.5478,1.4138,3.1608,-3.636,6034.3,6034.3,-5829.1,2.1395,0.93719,0.2984,8.0875,2.2828,10.311,-9.8108,4054.2,4054.2,-3646.2,1.9503,1.1611,0.26351,9.4229,1.6797,11.808,1.719,3413.3,3413.3,-3627.1,3.1142,1.3066,0.40226,8.3911,2.3835,10.99,11.704,4920.1,4920.1,-4249.8,1.5513,1.0318,0.22179,9.1326,1.5035,11.647,-0.54047,2295.9,2295.9,-3269.8
1.1814,0.80967,0.14369,11.485,1.4591,13.857,-13.187,23134,23134,-2377.5,1.1569,0.71899,0.15957,9.5301,1.6091,11.756,8.9188,13827,13827,-2543,6.3604,3.5342,1.0094,8.3628,1.7997,9.8021,-86.118,11237,11237,-2576.8,0.85022,0.77579,0.13155,10.027,1.096,12.361,15.395,5632.3,5632.3,-2422.2,0.81341,0.70807,0.15754,8.0454,1.1488,9.6576,-78.19,4064.5,4064.5,-2828.5,0.97664,0.66457,0.19537,7.0166,1.4696,8.4006,-67.122,4111.6,4111.6,-3172.8,2.0224,1.5248,0.43792,6.7109,1.3264,8.1002,139.31,6844.6,6844.6,-3949.8,0.76256,0.57855,0.17911,6.0561,1.3181,7.4876,-11.338,2191.9,2191.9,-2867.6,0.86546,0.53397,0.13358,8.5759,1.6208,10.477,-19.29,2207.5,2207.5,-2488.4,1.0219,0.9994,0.18155,9.2622,1.0225,11.134,8.795,2588.3,2588.3,-2811.1,1.083,1.0398,0.1643,10.575,1.0416,12.92,34.054,2251.1,2251.1,-2773,1.0531,0.85853,0.17634,8.9697,1.2267,10.841,-1.0907,2011,2011,-2743.2,1.4789,0.96357,0.23852,8.0538,1.5348,10.24,-4.1071,2754.9,2754.9,-3799.8,1.1156,0.77739,0.16314,9.4118,1.4351,11.604,-8.6498,1517.9,1517.9,-2651.2
7.6244,1.5172,0.67745,10.148,5.0254,13.494,-712.01,2.205e+05,2.205e+05,-4639.3,16.461,3.0605,0.98765,15.163,5.3786,19.766,-190.45,4.6661e+05,4.6661e+05,-6424.5,1.9392,0.81594,0.69533,2.8406,2.3767,3.9624,331.73,32318,32318,-5955.9,5.8712,1.4691,1.0662,4.8735,3.9964,6.8844,8.3856,94876,94876,-7948.2,6.0743,1.3191,0.49973,11.744,4.6048,14.795,148.01,38504,38504,-4126.7,3.4443,1.2601,0.52422,7.225,2.7334,8.9742,95.662,18534,18534,-3720.8,5.5078,1.5987,0.67145,8.4951,3.4451,10.584,118.67,26221,26221,-4886,3.4839,1.2176,0.43814,8.794,2.8613,10.731,95.681,9422,9422,-3924.2,3.1974,0.93532,0.46395,7.087,3.4185,8.9078,88.404,10463,10463,-3790.7,4.3222,1.1585,0.54501,7.8747,3.7308,10.056,67.697,15500,15500,-4471.8,6.6042,1.7098,0.85426,7.4693,3.8627,9.7324,20.417,39192,39192,-5766.7,2.3846,0.88516,0.67826,3.5827,2.694,4.8208,22.221,27260,27260,-5408.1,27.781,5.4724,1.5473,16.891,5.0767,21.491,-0.80718,1.2254e+05,1.2254e+05,-8129.5,9.9839,2.0454,1.2435,7.1963,4.8812,9.6735,-342.81,34810,34810,-6432.2
1.6326,0.94333,0.4109,5.0905,1.7307,6.2691,-377.01,47001,47001,-3398.3,4.3972,2.0066,0.54509,9.7763,2.1914,11.748,262.11,1.0462e+05,1.0462e+05,-3988.1,1.1986,0.82694,0.19242,8.8199,1.4494,10.526,-245.18,25603,25603,-2682.1,1.8491,1.1096,0.22012,11.288,1.6666,13.441,111.32,18492,18492,-3073.8,2.22,1.516,0.33558,9.2982,1.4644,11.133,263.08,15810,15810,-3608.3,1.8043,1.1844,0.36032,7.1693,1.5233,8.2946,123.48,8614.7,8614.7,-3381.1,2.3732,1.39,0.38597,8.3318,1.7073,9.75,71.973,18834,18834,-3525.8,3.4161,2.1638,0.49919,9.8846,1.5788,11.178,12.142,8851.7,8851.7,-4075.3,2.201,1.4501,0.35858,8.7264,1.5178,10.182,-3.1109,6206.7,6206.7,-3646.1,3.2894,1.6297,0.35217,11.643,2.0184,13.968,-86.108,16090,16090,-3956,1.7342,1.2468,0.25285,9.7954,1.391,11.79,-78.959,7189.6,7189.6,-3130.1,2.1457,1.1656,0.2803,9.9138,1.8409,11.814,70.919,13770,13770,-3118.4,4.428,1.9636,0.63246,8.4881,2.255,10.106,-89.912,15029,15029,-4559.2,2.8936,1.3076,1.0523,3.2294,2.2129,3.9923,-31.34,17771,17771,-5671.7
37.495,12.285,2.1987,20.361,3.0521,22.641,-916.02,1.474e+06,1.474e+06,-7815.2,40.025,13.096,2.3498,19.64,3.0562,22.607,11.26,8.961e+05,8.961e+05,-8138.4,5671.6,1917.1,339.25,20.538,2.9585,22.369,2163.7,7.0295e+07,7.0295e+07,-92711,40.416,13.651,2.7388,17.164,2.9606,19.741,-111.58,4.1911e+05,4.1911e+05,-8139.6,33.965,11.268,2.1795,18.34,3.0143,20.754,-42.87,2.6608e+05,2.6608e+05,-7661.4,36.141,11.941,2.272,18.827,3.0267,21.163,-36.714,2.2331e+05,2.2331e+05,-7868.9,37.371,12.615,2.3131,19.354,2.9624,21.611,-45.683,1.945e+05,1.945e+05,-7909.7,36.211,11.982,2.2245,19.466,3.022,21.665,48.489,1.5898e+05,1.5898e+05,-7918.1,34.771,11.258,2.173,18.917,3.0884,21.182,-57.364,1.3639e+05,1.3639e+05,-7637.6,36.858,11.703,2.2717,18.992,3.1495,21.376,-47.424,1.279e+05,1.279e+05,-7912.2,36.908,12.168,2.4899,17.257,3.0332,19.71,-74.856,1.189e+05,1.189e+05,-7923,37.593,12.301,2.4406,18.053,3.0562,20.443,-91.481,1.2266e+05,1.2266e+05,-7913.5,41.759,12.787,2.6195,18.229,3.2658,20.823,-58.7,1.3134e+05,1.3134e+05,-8162,40.89,12.983,2.4107,20.102,3.1494,22.348,-79.273,1.0218e+05,1.0218e+05,-7885.7
3.5207,0.67407,0.27346,11.598,5.223,15.339,-50.417,42027,42027,-3393.1,3.0416,0.8791,0.30804,9.6357,3.4599,12.728,149.71,33421,33421,-3807.5,1.6338,0.35805,0.1464,9.956,4.5631,13.606,-1.3099,6188,6188,-2498.2,1.8844,0.63705,0.30135,6.1863,2.9581,8.3673,44.001,8663.6,8663.6,-3270.6,1.9774,1.1062,0.55246,4.2605,1.7875,5.5815,55.175,7682.9,7682.9,-4499,1.9437,1.0373,0.40129,5.8368,1.8738,7.4286,53.641,7369,7369,-4256.6,2.0586,0.69584,0.26256,8.2345,2.9584,10.491,80.741,5336,5336,-3302.4,2.4839,1.1466,0.35691,7.7988,2.1664,10.172,42.487,5745.2,5745.2,-3908.1,2.0501,1.2358,0.47357,5.3257,1.6589,6.9386,32.266,4674.6,4674.6,-4648,2.0381,1.0096,0.52754,4.3863,2.0188,5.7771,-5.2693,4683.4,4683.4,-5095.7,2.7861,0.92852,0.36994,7.6341,3.0005,10.041,-103.82,5039.9,5039.9,-4278.3,2.2033,0.46057,0.15232,12.646,4.784,17.489,3.278,2528.9,2528.9,-2920.8,3.467,1.0217,0.40461,8.4941,3.3932,11.094,-83.463,5396.5,5396.5,-4187.7,3.0606,0.43113,0.16426,15.635,7.0989,21.257,1.8641,2320.2,2320.2,-2999.4
471.43,247.86,80.877,7.784,1.902,8.8936,-6616,1.0091e+07,1.0091e+07,-50302,7.6224,3.0173,1.6345,5.3723,2.5262,6.5093,18.482,1.624e+05,1.624e+05,-8126.8,4.3664,1.9478,0.71462,7.5881,2.2418,8.8357,126.7,30097,30097,-4807.1,3.5876,1.5842,0.6717,6.4558,2.2645,7.6996,330.44,50665,50665,-4817.3,4.5371,2.0467,1.002,5.5276,2.2168,6.5708,2.8935,22227,22227,-6058.4,4.0397,1.8177,0.66523,7.4546,2.2224,8.8051,-44.142,15726,15726,-4889.7,4.6705,2.1936,0.80472,7.1998,2.1291,8.5298,-54.848,13923,13923,-5426.2,4.9879,2.491,0.83371,7.7279,2.0023,8.9708,33.34,11960,11960,-4995.6,3.5799,1.7414,0.58037,7.8611,2.0558,9.1687,27.523,8623.9,8623.9,-4382,4.6516,2.397,0.95259,6.1574,1.9406,7.3995,80.76,11040,11040,-5472.9,3.98,1.8726,0.68801,7.2654,2.1254,8.5066,87.603,15101,15101,-5083.4,4.9292,1.7723,0.7338,7.7915,2.7812,9.1326,98.052,14077,14077,-5052.2,7.7532,2.9542,1.3199,6.8009,2.6244,8.1126,105.89,22352,22352,-6621.6,6.1374,2.0497,0.91704,7.5042,2.9943,8.9277,48.042,8492.9,8492.9,-5680.7
8.3444,3.1036,1.2804,7.2789,2.6886,8.9409,365.22,1.0116e+05,1.0116e+05,-5297,6.4376,2.0346,0.87616,7.7049,3.1641,9.6697,3.3253,79508,79508,-5565.2,1.0363,0.46959,0.252,4.7639,2.2068,5.9756,-71.005,8760.2,8760.2,-2997.9,2.5613,0.9366,0.63834,4.324,2.7347,5.4797,-80.455,18675,18675,-4904,1.5389,0.86457,1.5726,1.1476,1.7799,1.5283,27.762,20612,20612,-9762.4,1.2988,0.73966,0.48944,3.2592,1.756,4.165,-4.7314,6694,6694,-4625.1,2.2014,0.99084,0.38545,6.654,2.2218,8.2821,-5.5016,6036.9,6036.9,-4024.7,4.0724,1.1743,0.43764,9.7163,3.468,11.989,-33.785,8333.3,8333.3,-4313.8,1.8205,0.77975,0.39037,5.326,2.3347,6.661,5.6278,4820,4820,-4487.2,1.662,0.87823,0.89788,2.1994,1.8924,2.8291,-3.0042,6670.1,6670.1,-6437.3,2.73,1.0007,0.81021,3.5049,2.7281,4.6046,19.327,6400.2,6400.2,-5188.2,1.9054,0.76179,0.4055,5.1487,2.5013,6.5776,22.178,5074.6,5074.6,-4045,7.2411,2.1569,0.9656,7.7619,3.3573,9.7328,13.014,12127,12127,-5821.7,1.799,0.72338,0.53929,3.6353,2.4869,4.6772,-21.942,3901.7,3901.7,-4307.5
15.286,4.2656,1.2043,13.458,3.5835,16.235,-1076.1,3.5284e+05,3.5284e+05,-10152,4.9063,2.1141,0.94139,5.7264,2.3207,7.4575,-137.98,1.1835e+05,1.1835e+05,-13193,1.7447,1.2365,0.48305,5.2283,1.411,6.1715,-123.21,20195,20195,-6139.1,2.5054,2.0375,2.3889,1.4879,1.2297,1.9017,-129.84,41859,41859,-12274,4.7595,3.4961,1.6174,3.9293,1.3614,5.1042,13.841,31677,31677,-9052.7,1.8303,1.4151,0.51369,5.2254,1.2934,6.3179,19.361,8348,8348,-4607.4,3.7976,1.6917,0.52523,8.9092,2.2448,10.451,87.204,10602,10602,-5180.6,2.9765,1.2842,0.34934,10.505,2.3178,12.197,12.623,6502.1,6502.1,-4515.8,2.2414,1.0431,0.38779,7.3013,2.1489,8.4697,47.235,5836.9,5836.9,-4643.9,4.0737,2.2551,1.3817,3.7579,1.8065,4.5805,41.212,15852,15852,-9172,2.1736,1.4204,0.64931,4.448,1.5303,5.5351,20.894,9508.7,9508.7,-8407.7,2.2775,1.2657,0.41857,7.2453,1.7995,8.465,-0.59196,5673.7,5673.7,-5267,3.331,1.8802,1.003,4.0964,1.7716,5.1955,20.914,11548,11548,-9983.2,2.7624,1.4475,0.49218,7.3906,1.9084,8.5535,0.88928,4551.5,4551.5,-5617.1
2.5047,1.1577,0.50165,6.1451,2.1634,7.3007,270.71,63694,63694,-4267.3,4.4653,1.9826,0.67608,7.8911,2.2523,9.5371,-344.24,76706,76706,-5311.5,1.6654,0.91304,0.39699,5.58,1.824,6.495,43.882,13950,13950,-3724.4,5.8074,2.6395,1.0095,7.0383,2.2002,8.3678,-108.15,20774,20774,-4926.2,2.0781,1.4473,0.4343,7.0436,1.4358,8.1173,-101.61,13259,13259,-3766.1,2.2308,1.4195,0.39922,8.0204,1.5715,9.1438,-83.73,16803,16803,-4042.8,3.3593,2.4975,0.77588,6.927,1.3451,7.5486,2.4794,11202,11202,-4791,3.4471,2.6533,0.88227,6.4741,1.2992,6.9145,-8.3768,9538.6,9538.6,-5066.9,2.9446,1.6646,0.74771,5.524,1.7689,6.1643,28.588,9238,9238,-4893.3,3.4606,1.8353,0.79661,5.9296,1.8856,6.6479,46.938,11367,11367,-5359,2.5979,1.4891,0.53024,6.6565,1.7446,7.7079,49.443,9795.2,9795.2,-5344.8,2.5432,1.4472,0.46609,7.5726,1.7573,8.5615,15.64,4905.2,4905.2,-4035.7,4.5815,1.6467,0.5176,10.025,2.7821,12.033,26.032,12238,12238,-5217.7,2.5396,1.1883,0.42937,7.5969,2.1371,8.6823,-1.275,4870.9,4870.9,-4196
4.6778,1.5675,1.1212,4.2218,2.9844,5.5704,610.33,3.2717e+05,3.2717e+05,-8177.4,30.006,6.1015,1.2447,23.849,4.9179,29.009,1146.7,8.322e+05,8.322e+05,-8173.2,2.8505,1.1201,0.5997,5.332,2.5449,6.6209,-204.01,36200,36200,-5695.6,20.971,5.1855,1.5685,13.71,4.0442,16.677,751.22,2.4939e+05,2.4939e+05,-8322.3,3.4461,1.7723,0.62538,6.4553,1.9444,8.3443,148.91,33192,33192,-5699.4,2.9305,1.6695,0.6141,5.9486,1.7553,7.4906,40.36,17233,17233,-5225.7,2.3924,1.1454,0.29755,9.6045,2.0886,11.89,-21.234,11411,11411,-3701.6,3.89,2.6132,0.55139,9.692,1.4886,11.794,-88.331,18928,18928,-5163.8,2.466,1.0657,0.38671,7.2685,2.3141,9.1326,31.896,12001,12001,-4332,4.8956,2.1599,0.52092,11.25,2.2665,13.544,-111.55,21814,21814,-5050.4,6.2416,1.7209,0.56993,10.858,3.627,13.971,164.75,53139,53139,-6375.3,2.3637,1.1138,1.5458,1.769,2.1221,2.2497,-29.337,11487,11487,-8857.2,31.094,7.051,1.1219,28.849,4.4098,34,-276.25,1.0502e+05,1.0502e+05,-7536.6,11.424,4.3038,3.9364,3.1906,2.6545,3.9955,-176.31,46018,46018,-14960
4.0841,1.2207,0.62748,6.7113,3.3458,8.4541,765.11,1.4241e+05,1.4241e+05,-5589.3,4.5079,1.5207,0.60063,7.8121,2.9644,10.037,296.18,71086,71086,-5776.8,1.4849,0.58754,0.27022,6.0458,2.5273,7.6694,47.127,16074,16074,-3312.6,1.975,0.96639,0.76407,3.1063,2.0436,3.8496,93.494,17788,17788,-6062.5,1.956,1.4631,1.6863,1.5372,1.3369,2.0276,153.3,20996,20996,-9710.8,3.0449,1.2378,0.38411,9.039,2.4598,11.15,6.3249,12754,12754,-3967.2,4.2785,1.8859,0.38983,13.416,2.2686,15.813,8.1861,11276,11276,-3878,3.4901,1.6095,0.36062,11.771,2.1685,14.141,48.965,8624.7,8624.7,-3755,2.0728,1.3518,0.83911,3.1994,1.5334,4.0811,30.328,7584.1,7584.1,-6382.8,3.4877,1.6463,1.1671,3.5072,2.1186,4.3989,2.583,22369,22369,-7543.5,2.9388,1.1619,0.41003,8.008,2.5293,10.001,117.04,6808.3,6808.3,-4340.8,2.1525,0.78922,0.3131,7.5531,2.7274,9.3957,55.835,4496.4,4496.4,-3577,6.2954,1.8686,0.61397,10.624,3.369,13.297,104.9,11812,11812,-5175.8,8.15,2.5679,1.1745,7.1852,3.1739,9.1253,-481.88,47220,47220,-6548.4
1.5464,0.4684,0.27224,6.0319,3.3016,7.4009,296.57,42746,42746,-2981.5,3.894,1.3601,0.77087,5.0491,2.863,6.8158,-132.68,67405,67405,-5369.5,0.91336,0.47496,0.24356,4.5644,1.923,5.7,174.47,10698,10698,-3034.4,1.5723,0.88461,0.77575,2.345,1.7774,3.1671,55.082,11897,11897,-4261,2.1943,1.0942,0.6418,3.9758,2.0054,5.124,187.7,17294,17294,-5051.5,1.9109,1.0683,0.50946,4.6626,1.7887,5.8477,10.214,11928,11928,-4498.7,2.5174,1.0335,0.67742,3.9892,2.4358,5.2418,-212.7,22298,22298,-5265.7,2.362,1.5663,0.91044,3.3744,1.508,4.3147,21.922,10424,10424,-5972.2,1.0318,0.45749,0.26374,4.2898,2.2553,5.6467,51.216,4107.4,4107.4,-3157.2,3.7517,1.4208,0.84396,4.7061,2.6406,6.1289,-81.635,12522,12522,-4907.3,1.5921,0.78805,0.82757,2.1037,2.0203,2.876,-0.38522,8236.1,8236.1,-6177.6,0.51299,0.25613,0.12711,4.6691,2.0028,6.051,-0.22434,1152.9,1152.9,-2274.7,4.915,1.8869,2.1731,2.2516,2.6049,3.13,-6.7686,22340,22340,-10036,0.52033,0.22384,0.12557,4.4024,2.3245,5.9261,-0.78095,1170.3,1170.3,-2287
1.9365,1.0465,0.26261,8.9468,1.8505,11.359,862.05,1.0218e+05,1.0218e+05,-3333.8,10.743,3.6651,0.7597,15.267,2.9313,18.966,1288.9,2.0333e+05,2.0333e+05,-5424.2,1.9956,2.2225,0.35851,9.2668,0.89788,11.765,27.332,18798,18798,-3890.5,2.2687,1.0506,0.25939,10.095,2.1593,12.796,238.61,18348,18348,-3172.9,2.671,1.4063,0.35138,9.1202,1.8994,11.604,80.925,30421,30421,-4100.7,1.5705,3.7679,0.36613,12.034,0.4168,14.581,156.38,8502.6,8502.6,-3945.2,2.3585,6.5572,0.5828,12.639,0.35968,15.298,90.135,9060.4,9060.4,-4748.3,2.8791,6.0287,0.69424,10.674,0.47756,12.831,27.295,9242,9242,-5014.4,1.906,3.0112,0.45341,8.9809,0.63296,10.845,17.097,5704.9,5704.9,-4398.9,2.4204,1.5503,0.35911,8.888,1.5613,11.057,6.0584,9883.8,9883.8,-4163.8,2.3264,1.3807,0.27021,10.474,1.6849,13.72,-72.814,6235.7,6235.7,-3563.3,1.8093,1.6336,0.24084,11.425,1.1076,14.295,-119.87,21122,21122,-3367,15.946,5.7436,1.1493,15.474,2.7763,18.873,-189.64,39464,39464,-5975.8,3.3647,2.7642,0.46324,10.562,1.2172,13.23,-155.58,13197,13197,-4210.2
