332.05,121.5,11.463,38.615,2.7329,39.566,87.301,41.93,6.084,20.218,2.0821,21.241,327.82,121.53,11.639,37.669,2.6974,38.606,319.95,118.08,11.41,37.413,2.7096,38.39,50801,18624,1808.4,37.63,2.7277,38.389,336.8,112.73,11.636,37.707,2.9876,38.634,335.49,116.03,11.949,36.845,2.8913,37.787,341.08,120.09,11.895,37.843,2.8401,38.771,327.12,117.46,11.57,37.499,2.7848,38.425,318.72,119.31,11.776,36.153,2.6714,37.197,328.95,123.41,12.788,33.94,2.6656,35.374,327.11,120.55,12.085,35.828,2.7135,37.042,322.19,122.1,11.887,36.348,2.6388,37.376,329.2,123.79,13.159,33.076,2.6593,34.426
1.0185,0.80196,0.28427,5.1903,1.27,6.404,0.89397,0.61355,0.40544,2.9034,1.457,3.7182,0.954,0.69856,0.21534,6.1527,1.3657,7.6743,0.52325,0.51967,0.25106,3.0574,1.0069,4.154,1.3886,1.3527,0.40943,5.3152,1.0266,6.6953,0.69584,0.79849,0.19943,5.8779,0.87145,7.493,1.0325,1.5077,0.26973,7.7997,0.68486,9.4175,1.1792,2.1439,0.29216,9.6169,0.55004,11.374,1.1468,1.2808,0.24372,8.151,0.89542,9.9604,1.0771,1.0333,0.32038,5.2106,1.0424,6.5873,0.84495,0.57349,0.18688,5.8931,1.4733,7.59,0.38537,0.33027,0.11961,4.3735,1.1668,5.9834,1.1092,0.66555,0.53653,2.5875,1.6667,3.3079,1.0535,0.82376,0.31155,4.8361,1.2788,6.0253
3.3456,6.7615,0.5436,16.137,0.49481,18.593,2.1409,3.9821,0.5908,9.0873,0.53764,10.364,1.9783,4.5225,0.52006,10.956,0.43744,12.5,1.5388,4.2535,0.56821,8.8739,0.36177,10.194,2.3747,6.6277,0.88085,9.1879,0.3583,10.22,2.9888,18.725,1.0238,19.567,0.15962,21.209,3.8577,41.197,1.5405,27.444,0.093641,29.247,3.349,25.155,1.3042,20.386,0.13314,21.855,2.1894,9.8988,0.79982,13.637,0.22118,15.114,2.4138,7.9462,0.90038,9.9767,0.30376,11.506,1.4252,5.3092,0.61268,9.616,0.26844,10.992,1.883,6.0371,0.6006,11.806,0.3119,13.187,2.4866,5.7597,0.60926,11.808,0.43171,13.535,2.2095,6.1046,0.55266,12.888,0.36195,15.044
11.511,5.1179,0.88865,15.818,2.2492,18.712,3.6888,3.3299,0.50384,11.451,1.1078,13.931,1.391,3.6918,0.56735,7.7871,0.37678,8.9588,2.3967,1.7986,0.39153,8.7842,1.3325,10.715,8.783,7.3902,1.3248,9.3789,1.1885,12.208,1.7702,5.4035,0.52656,11.834,0.32761,13.624,2.3745,14.807,0.95185,16.599,0.16037,18.051,3.0734,17.367,1.0948,17.282,0.17697,18.67,9.1317,5.895,0.84367,15.453,1.5491,17.811,1.9888,3.5029,1.4931,2.9789,0.56774,3.678,2.8244,3.2997,0.59865,8.5305,0.85594,10.23,4.0976,4.0765,0.56208,12.625,1.0052,14.543,5.6259,5.7961,0.68847,13.837,0.97062,16.59,2.1734,4.5183,0.49973,11.292,0.48103,13.391
1.2368,0.65492,0.31173,4.8371,1.8884,6.0684,6.0536,1.2418,0.55391,10.883,4.8749,13.171,1.68,0.82796,0.34559,5.8889,2.029,7.2569,98.679,48.102,15.11,8.5021,2.0514,9.7141,1.2002,0.67005,0.51972,3.0228,1.7912,3.5986,1.9004,0.94237,0.35506,6.6959,2.0166,8.0064,5.4212,2.3128,0.76752,8.5609,2.344,10.077,1.5503,0.82872,0.307,6.3951,1.8707,7.7491,1.5931,0.76655,0.31807,6.0062,2.0783,7.4188,1.4354,0.81092,0.42121,4.2859,1.7701,5.3329,1.4288,0.69817,0.47276,3.5834,2.0465,4.4991,1.6909,0.77215,0.38379,5.2484,2.1898,6.4177,4.4196,1.2114,0.5644,7.9881,3.6485,9.9769,2.6031,0.97483,0.47816,6.1581,2.6703,7.4827
2.3484,1.8879,0.45183,7.1242,1.2439,9.3757,0.722,0.51851,0.16054,5.9016,1.3924,7.727,0.88834,0.81323,0.20262,6.4887,1.0924,8.3977,0.76562,0.65967,0.17776,5.8631,1.1606,8.0179,0.86419,0.97621,0.83247,1.6229,0.88525,2.2108,1.0067,1.0284,0.25287,6.4104,0.97883,8.0479,1.7649,2.1849,0.31124,10.515,0.80775,12.69,1.0311,1.7673,0.2147,10.722,0.58347,13.034,1.2083,0.85355,0.27982,5.5196,1.4156,7.3685,1.1582,1.0342,0.95241,1.6894,1.1198,2.302,0.80345,0.94462,0.29277,4.291,0.85055,5.9709,0.9543,0.90339,0.19081,7.3478,1.0564,9.7357,0.8351,0.73705,0.22334,5.2554,1.133,7.0391,1.1948,1.0433,0.25977,6.5109,1.1451,8.6156
1.6488,1.2344,0.42125,5.2943,1.3358,6.8443,0.86796,0.63686,0.24897,4.726,1.3629,6.0443,0.55978,0.48887,0.16298,4.8656,1.1451,6.4343,0.75363,0.51996,0.20235,4.9691,1.4494,6.294,1.5173,1.0369,0.74994,2.6653,1.4634,3.4058,0.87111,1.3848,0.30481,6.135,0.62903,7.4013,1.2392,1.9306,0.29956,8.8297,0.64188,10.581,0.84634,1.5764,0.2552,7.826,0.53687,9.4937,0.8782,1.2275,0.36896,4.6825,0.71546,5.7071,1.4219,1.3702,0.90929,2.4189,1.0377,3.0706,0.79257,0.61045,0.28497,3.7268,1.2983,4.9234,0.69692,0.68417,0.19596,5.4908,1.0186,7.0478,1.9254,0.88762,0.33929,6.4414,2.1692,8.2911,1.1256,0.80344,0.29743,5.031,1.401,6.4859
2.6933,4.6148,0.4594,14.137,0.58361,15.908,2.7057,5.4149,0.43007,16.279,0.49967,18.882,2.0245,4.4716,0.48592,12.096,0.45275,13.369,2.0703,4.9474,0.35508,17.174,0.41846,19.764,2.9447,7.9335,0.75498,12.318,0.37117,14.409,4.5027,14.853,1.0248,17.435,0.30314,18.888,4.9676,24.185,1.3637,19.975,0.2054,21.377,4.3992,33.836,1.3933,25.971,0.13001,27.442,5.2559,22.305,1.1739,22.399,0.23564,23.478,2.8579,7.3821,0.6235,14.31,0.38714,16.423,4.2577,7.5671,0.70322,14.327,0.56266,16.815,2.1109,3.9744,0.42071,12.793,0.53112,14.464,2.4719,5.9,0.82071,8.7757,0.41898,10.201,2.8784,5.2567,0.4723,15.082,0.54757,17.224
1.8462,0.69587,0.29472,6.6869,2.6531,8.6255,6.0329,1.4682,0.5859,9.6686,4.1091,12.803,0.81056,0.32042,0.12071,6.8624,2.5297,9.3697,0.59705,0.29655,0.18973,3.3279,2.0133,4.7099,1.3147,0.51978,0.20018,6.9848,2.5293,9.1638,0.84716,0.47595,0.18091,5.7831,1.7799,7.3136,0.72143,0.4053,0.16317,5.2231,1.78,6.9051,0.69023,0.35524,0.14685,5.4064,1.943,7.1191,0.75132,0.38008,0.14705,5.9163,1.9768,7.6942,0.68116,0.44047,0.20363,4.3023,1.5464,5.5081,0.7033,0.37018,0.17033,4.6623,1.8999,6.3025,1.0698,0.39325,0.14471,7.4928,2.7203,10.11,1.6167,0.66656,0.2272,8.0165,2.4255,10.05,0.85264,0.34204,0.12173,7.5523,2.4928,9.8144
0.97107,2.0595,0.28556,8.6976,0.4715,10.613,1.5067,2.2632,0.30397,9.7158,0.66574,12.402,0.85222,1.2801,0.18329,9.2506,0.66573,11.634,0.61253,1.208,0.38334,3.6034,0.50706,4.7492,1.7322,1.8396,0.38037,7.4792,0.94164,9.3905,1.0891,2.8297,0.40022,8.1834,0.38488,9.7916,1.2387,6.7025,0.43272,15.706,0.18481,18.352,0.93806,6.3539,0.34757,18.623,0.14764,20.98,0.95696,3.0928,0.2873,11.907,0.30942,14.096,1.077,1.6066,0.49432,4.3484,0.67036,5.429,0.67547,0.72535,0.26318,4.155,0.93124,5.3227,1.9572,2.3112,0.42375,8.074,0.84687,10.073,1.0742,1.4197,0.27875,7.0875,0.75664,8.9468,1.0199,1.3507,0.2512,7.6612,0.75506,9.4371
2.4421,3.7389,3.0895,1.5004,0.65316,2.0006,1.791,2.5872,0.61431,5.6087,0.69226,7.1272,1.1738,2.9309,1.5913,2.0022,0.4005,2.5795,1.2592,2.6905,0.90193,3.2432,0.46802,4.3792,2.0668,2.7596,0.52194,7.6235,0.74894,9.247,1.3819,3.1569,0.46826,8.0851,0.43776,9.693,1.9552,11.237,0.7939,14.637,0.174,16.616,2.2812,9.079,0.68709,14.488,0.25126,16.534,1.5856,3.7532,0.48839,8.9438,0.42247,10.932,2.3324,3.3834,1.2867,3.2745,0.68937,4.4423,0.97225,2.4998,1.0272,2.651,0.38894,3.3802,2.3305,4.265,4.4053,1.1533,0.54642,1.4972,2.3589,2.5174,0.70895,5.4479,0.93705,6.8782,13.855,10.055,11.1,1.6697,1.3779,2.1541
3.6853,1.5451,0.3138,13.647,2.3852,16.668,3.8845,1.353,0.3659,11.746,2.871,14.314,2.0069,1.1479,0.23525,10.348,1.7484,13.41,2.8037,1.2245,0.34561,9.5556,2.2897,11.655,3.245,1.6054,0.67533,5.9152,2.0213,7.1822,3.5402,2.1834,0.40553,12.035,1.6214,14.114,3.9747,5.1765,0.61424,13.149,0.76784,14.898,3.1104,3.3563,0.4624,12.083,0.92675,13.985,254.27,94.31,22.955,13.71,2.6961,15.185,2.8982,1.3633,0.53654,6.6846,2.1259,7.9426,2.9376,1.59,0.40098,9.2723,1.8475,11.291,4.1438,1.9536,0.35532,14.104,2.1211,17.16,16.76,3.4053,0.56272,30.317,4.9215,35.834,6.6168,2.4366,0.49775,15.211,2.7156,18.189
3.4851,1.5317,0.25701,15.914,2.2753,19.52,28.508,7.3683,1.0004,29.815,3.8691,35.864,1.8887,1.785,0.22557,13.851,1.0581,16.287,2.4622,1.3107,0.18765,16.693,1.8786,20.106,2.0463,2.3502,0.22552,16.424,0.8707,19.495,2.2344,3.2284,0.29929,15.116,0.69211,18.253,2.42,4.3864,0.40153,15.204,0.5517,16.951,2.7526,3.6507,0.37058,15.457,0.754,17.279,1.8914,1.8811,0.25851,11.759,1.0055,14.593,2.4693,3.0745,0.30621,15.79,0.80318,18.105,1.7385,1.6356,0.20013,14.133,1.0629,16.86,1.0922,1.1069,0.15488,11.682,0.98666,14.198,4.5177,2.3253,0.3432,16.594,1.9428,19.939,3.7895,2.2374,0.32161,15.347,1.6937,18.74
1.3768,0.57662,0.1786,8.7567,2.3877,10.938,3.6882,1.0431,0.31673,12.123,3.5358,14.938,1.9473,0.63968,0.20996,10.079,3.0441,12.321,1.2939,0.47031,0.18127,7.5625,2.7512,9.7326,1.6898,0.66127,0.20838,9.2023,2.5554,11.283,1.2984,0.55396,0.17867,8.6271,2.3438,10.367,1.7,0.86643,0.30776,7.1233,1.962,8.3389,1.5464,0.83161,0.30288,6.4927,1.8596,7.8514,1.1201,0.60105,0.23436,5.8764,1.8635,7.3438,1.3882,0.74566,0.22597,7.6782,1.8617,9.4429,1.8623,0.67844,0.2006,10.114,2.745,12.666,3.3407,0.87683,0.22092,15.574,3.81,19.09,4.9254,1.2422,0.36514,13.635,3.965,16.891,5.6162,1.2099,0.35243,15.676,4.642,19.369
3.5087,2.0307,0.32311,13.874,1.7278,17.144,8.3116,4.186,0.92338,10.466,1.9856,13.535,3.0373,2.7772,0.37312,12.747,1.0937,15.583,3.5817,2.4114,0.71957,6.2467,1.4853,8.3288,4.361,5.4401,0.62878,12.809,0.80165,15.587,7.5547,7.5162,0.5574,23.573,1.0051,27.038,6.2358,10.329,0.67492,21.841,0.60371,24.543,5.1069,8.1769,0.57412,19.625,0.62455,23.138,5.7254,5.113,0.50596,18.352,1.1198,21.421,4.8915,5.1451,2.5877,3.0885,0.95071,3.8785,4.0083,2.5784,0.50298,10.576,1.5546,13.095,10.163,6.7722,1.1194,13.25,1.5007,15.129,9.9335,5.1161,0.97429,12.413,1.9416,15.447,8.0535,3.9687,0.49336,19.511,2.0293,24.368
1.1832,0.59231,0.13757,9.9246,1.9976,12.906,1.4167,0.84797,0.44145,4.09,1.6706,5.13,1.03,0.54887,0.12978,9.4491,1.8765,12.165,2.8702,1.9958,0.61278,6.3759,1.4381,7.9407,0.95814,1.06,0.35695,4.2279,0.90394,5.6538,0.85342,1.5265,0.27854,6.7822,0.55906,8.5444,0.52441,1.1659,0.14377,9.623,0.44977,11.758,0.6081,1.7121,0.16323,11.761,0.35518,14.215,0.79995,0.89637,0.15524,8.7819,0.89244,10.927,0.9431,1.143,0.27349,6.2401,0.82512,7.6277,0.3392,0.41159,0.17865,3.3278,0.82411,4.2024,0.36757,0.36824,0.093289,6.0641,0.99818,7.8875,2.8863,1.391,0.8331,4.169,2.0749,5.1342,0.78415,0.79386,0.13171,9.6415,0.98776,11.981
1.2088,0.56358,0.32386,4.5481,2.1449,5.4726,1.7295,0.91354,0.30124,7.1601,1.8932,8.7738,4.8487,2.4878,0.83789,7.4902,1.949,8.7559,0.95922,0.58444,0.27217,4.5283,1.6413,5.6717,1.3638,0.7163,0.26244,6.7373,1.9039,7.926,1.2564,0.7963,0.34778,5.1991,1.5778,5.9023,1.1215,1.1666,0.52164,3.983,0.96134,4.3865,1.2187,2.3695,0.67713,4.8307,0.5143,5.2991,1.014,1.0962,0.44828,4.0947,0.92501,4.7074,1.1148,0.99211,0.50161,3.3888,1.1237,4.2003,0.95432,0.59003,0.4483,2.7501,1.6174,3.4449,0.91179,0.61084,0.32547,3.8248,1.4927,4.6783,4.6463,1.5842,0.701,7.2085,2.9329,8.8881,1.1573,0.68555,0.54333,2.741,1.6881,3.3917
3.4672,2.5724,0.35267,14.908,1.3478,17.125,2.1401,1.3785,0.24872,11.965,1.5525,14.147,2.2642,2.26,0.28245,14.256,1.0018,16.018,8.2333,4.7266,0.83919,13.787,1.7419,15.443,1.9619,1.4265,0.35013,8.3164,1.3753,9.6773,2.0388,3.0617,0.37119,12.087,0.6659,13.741,2.3373,9.6891,0.47372,23.312,0.24123,25.387,2.6929,9.4455,0.42171,26.046,0.2851,28.784,2.1716,2.2902,0.33897,11.471,0.94823,13.163,1.9509,1.6463,0.53134,5.8495,1.1851,6.7701,1.0845,1.41,0.47108,4.5587,0.76913,5.2953,1.7172,2.399,0.24828,14.642,0.71583,16.579,1.9012,1.426,0.2261,12.427,1.3332,14.715,2.7616,2.4815,0.30701,14.8,1.1129,17.078
3.573,0.8764,0.21293,16.785,4.0769,20.896,5.542,1.0847,0.45256,11.233,5.1094,14.642,0.71062,0.39294,0.18579,4.914,1.8084,5.9399,0.85752,0.44778,0.22834,4.3515,1.9151,5.7165,1.11,1.0395,0.33456,5.0164,1.0678,6.425,1.6204,0.89631,0.24507,8.3267,1.8079,10.269,1.4383,0.95193,0.35274,5.3246,1.5109,6.7763,1.6979,0.89658,0.3316,6.2856,1.8938,7.8241,1.5747,0.69454,0.23016,7.7959,2.2672,9.859,1.5768,0.82316,0.25915,7.6441,1.9156,9.2607,1.0719,0.55619,0.21874,5.8951,1.9272,7.4429,0.6699,0.29198,0.11652,6.3549,2.2943,8.255,1.5596,0.6337,0.25046,6.8392,2.4611,8.7571,2.7695,0.87554,0.2236,13.291,3.1632,16.302
1.16,0.61944,0.25289,5.7852,1.8727,7.0365,1.6036,0.76801,0.3496,5.388,2.088,6.7839,1.6111,0.60489,0.26916,6.7372,2.6635,8.233,0.82227,0.45606,0.19378,5.2121,1.803,6.5969,1.5556,0.69966,0.3663,5.0392,2.2234,6.157,1.1031,0.75674,0.3087,4.9511,1.4577,6.0248,1.6697,1.1024,0.39179,5.8109,1.5147,7.0754,1.1938,1.1361,0.41918,4.433,1.0508,5.5584,0.98881,0.7735,0.22232,6.3266,1.2784,7.927,1.0407,0.73953,0.48702,2.9482,1.4073,3.6554,1.1219,0.51791,0.21082,6.2377,2.1662,7.7781,1.3875,0.66865,0.31856,5.3149,2.0751,6.4546,1.369,0.61328,0.25645,6.2107,2.2324,7.7298,1.2667,0.71634,0.26363,6.0306,1.7683,7.522
5.1594,15.568,0.64329,28.241,0.33142,32.22,3.7108,9.2685,0.47299,23.531,0.40037,27.441,5.461,8.2939,0.5905,20.733,0.65844,23.294,3.8732,7.6761,0.69439,13.659,0.50457,16.632,4.5487,6.8763,0.49952,20.397,0.6615,22.872,7.8096,23.41,0.76863,36.947,0.33361,40.617,7.9479,27.194,0.81028,39.139,0.29226,43.37,8.0969,25.745,0.7869,39.719,0.3145,43.006,5.8849,13.714,0.59206,29.667,0.42913,33.102,5.0179,9.2556,0.57026,22.393,0.54215,25.03,4.2951,4.6417,0.55993,13.859,0.92533,15.96,5.5186,11.294,1.0206,14.694,0.48861,16.474,16.429,18.078,1.4405,20.611,0.9088,23.955,11.525,16.87,1.3887,17.118,0.68317,20.448
1.0691,0.44606,0.20558,6.1123,2.3967,7.3702,1.4426,0.52017,0.24667,6.3008,2.7734,7.9574,0.78818,0.42809,0.23849,3.9122,1.8412,5.0999,1.6542,0.61867,0.32286,5.6577,2.6739,7.04,0.58432,0.38742,0.19384,3.8092,1.5082,5.013,0.59207,0.43312,0.21268,4.2052,1.367,4.8204,0.85874,0.6637,0.29711,4.5458,1.2939,5.1241,1.1479,0.88387,0.34962,5.2502,1.2988,5.8115,2.733,0.65822,0.29032,9.751,4.1521,11.681,0.98628,0.49245,0.21379,5.805,2.0028,6.9168,0.50778,0.30956,0.19725,3.2803,1.6403,4.1436,0.99385,0.50161,0.25902,4.8718,1.9813,5.7734,1.1325,0.42735,0.22184,5.7492,2.6501,7.0318,2.2532,0.69861,0.2988,8.1401,3.2252,9.8787
1.3253,0.96048,0.2304,8.2758,1.3799,9.921,1.7996,1.6431,0.22965,12.237,1.0953,14.991,1.0589,0.80557,0.20914,7.3146,1.3144,8.9148,1.2388,1.2429,0.19883,10.079,0.9967,12.482,1.7437,2.8988,0.27278,14.733,0.60151,17.019,1.3878,1.9736,0.44141,6.7981,0.70318,7.6151,1.9652,1.4388,0.39066,7.485,1.3658,8.7135,2.0073,1.7105,0.38498,8.2774,1.1735,9.657,3.4604,4.5657,0.9346,7.682,0.75791,8.5878,0.96984,1.4731,0.24488,8.3337,0.65836,9.9763,2.5359,1.4625,0.28278,11.963,1.7339,14.14,0.72708,0.52433,0.1467,6.8888,1.3867,8.5305,1.4004,1.2708,0.23697,9.5402,1.102,11.272,1.0707,0.7256,0.18915,7.4532,1.4756,9.4968
1.3094,1.1985,0.28731,6.9356,1.0925,8.7288,0.99721,0.8165,0.31774,4.4656,1.2213,5.7082,0.69073,0.5601,0.1443,6.2914,1.2332,8.6681,1.0813,0.59021,0.23701,5.2156,1.8321,7.0528,0.86605,0.99119,0.41509,3.5076,0.87375,4.4743,0.77668,0.90887,0.17341,7.6604,0.85455,9.7199,0.8866,1.4541,0.25458,7.3405,0.60972,9.1944,1.0376,2.507,0.24938,11.162,0.41387,14.213,0.90559,1.1559,0.20543,7.7421,0.78342,10.035,0.77326,0.73436,0.2414,4.7605,1.053,6.2454,0.53855,0.55123,0.23595,3.3726,0.97698,4.6188,0.57641,0.58734,0.15412,5.5241,0.98138,7.5507,0.87324,0.65197,0.29745,3.9213,1.3394,5.1277,1.0869,1.0605,0.2445,6.8361,1.0249,8.7824
11.159,4.4836,1.2193,10.987,2.4888,12.829,1.2972,0.69447,0.28406,5.3657,1.8679,7.0116,1.8134,0.953,0.31128,7.0396,1.9029,8.8873,1.2992,0.70944,0.39701,3.9259,1.8313,5.0595,1.5224,1.3196,0.68512,3.3368,1.1537,4.1481,2.7666,1.7429,0.57483,6.5394,1.5873,7.8449,1.4912,1.4674,0.45538,5.5682,1.0162,6.4972,2.6603,2.0128,0.52853,7.2112,1.3217,8.8418,1.5104,1.3199,0.43041,5.264,1.1443,6.5756,1.3975,1.1137,0.61319,3.1531,1.2548,4.0954,2.5354,1.2118,1.3512,2.0849,2.0923,2.7734,1.8111,0.8277,0.32018,6.3565,2.1881,8.2416,1.4801,0.93062,0.59671,3.0158,1.5904,4.04,8.6267,2.0539,0.8444,10.237,4.2001,12.649
6.2243,1.4176,0.58532,9.9932,4.3907,13.056,5.3764,1.4388,0.58155,9.3383,3.7368,11.719,1.6264,0.7567,0.22308,8.3442,2.1493,10.682,1.268,0.75376,0.43445,3.6458,1.6823,4.6536,4.3274,1.1687,0.2723,16.125,3.7027,20.184,6.1869,1.6831,0.32769,19.862,3.676,24.016,6.0211,3.183,0.43154,18.038,1.8917,21.328,4.8233,2.9862,0.34839,18.865,1.6152,22.416,6.4702,1.8654,0.31994,21.781,3.4686,26.054,5.0762,1.3629,0.28761,18.5,3.7247,22.388,1.4115,0.87302,0.43688,3.9188,1.6168,5.2292,1.8818,0.78303,0.2386,8.689,2.4033,11.169,6.6567,1.58,0.49341,13.263,4.2132,16.693,18.189,2.7985,0.89775,18.211,6.4997,23.378
1.7652,0.87319,0.29119,7.167,2.0215,9.0606,7.8319,3.0954,1.3204,6.4958,2.5302,8.2755,2.4749,0.94865,0.30515,8.7039,2.6089,11.219,1.2954,1.2306,0.48923,3.8622,1.0526,5.1632,2.0661,1.9342,1.1883,2.6365,1.0682,3.3663,1.5771,1.5276,0.41765,6.4716,1.0324,7.4338,1.3652,1.6646,0.44412,5.9975,0.82014,6.8219,1.3466,1.7456,0.49158,5.5685,0.77139,6.2903,1.1679,0.78706,0.27333,5.8185,1.4839,7.1524,4.4201,2.0818,1.4242,3.4991,2.1232,4.5652,1.2218,1.1968,0.67092,2.717,1.021,3.6049,3.4801,1.1384,0.38789,9.4684,3.0571,11.907,1.873,1.7363,0.67484,4.3992,1.0787,5.3484,2.3446,0.99049,0.31695,8.5837,2.3671,10.522
20.531,7.6465,2.207,10.208,2.685,12.767,147.96,34.75,7.713,18.57,4.2578,23.688,1.8331,0.70794,0.23068,8.878,2.5894,11.016,1.8097,0.75104,0.23849,8.5068,2.4096,10.738,1.6717,0.78318,0.23033,8.3657,2.1345,10.658,1.8128,0.97378,0.26065,8.8151,1.8616,10.691,2.2835,2.0609,0.33227,11.004,1.108,13.075,2.3591,1.8793,0.31798,11.061,1.2553,13.329,1.7326,0.85968,0.23012,9.0505,2.0154,11.265,2.2413,0.85745,0.28706,8.6495,2.614,10.795,1.6807,0.71838,0.2617,7.0768,2.3396,9.1674,3.7072,1.1573,0.30806,12.666,3.2032,15.791,2.6097,1.0227,0.32187,8.9967,2.5518,11.285,5.436,1.2111,0.40093,13.242,4.4887,16.579
23.36,2.0863,0.34146,60.83,11.197,74.523,4.1335,1.2192,0.2797,15.082,3.3903,19.137,1.3836,0.8887,0.21807,8.5798,1.5568,10.42,1.2618,0.93566,0.23058,7.4914,1.3485,9.5303,4.035,1.3614,0.55918,7.8663,2.9638,9.6505,4.0103,1.527,0.30841,14.781,2.6263,17.954,4.0964,2.5947,0.39059,14.528,1.5787,17.131,5.031,3.9106,0.44817,17.02,1.2865,19.952,4.2165,1.2744,0.2801,15.821,3.3085,19.603,4.288,1.175,0.33136,13.427,3.6495,16.486,0.94457,0.62832,0.19009,6.4048,1.5033,8.2743,1.1724,0.8203,0.19332,8.4229,1.4292,10.307,3.1677,1.1031,0.26709,12.57,2.8716,15.99,10.83,1.6091,0.30144,33.533,6.7303,41.264
0.81842,0.43147,0.33387,2.8545,1.8968,3.7436,2.0696,0.97067,0.42893,5.5887,2.1322,7.0882,0.62798,0.29136,0.16597,4.2958,2.1553,5.5391,4.2245,1.1964,0.45393,9.4916,3.531,11.942,1.4763,1.1437,0.60846,3.4506,1.2908,4.3059,0.90848,1.2302,0.54345,3.0788,0.73848,3.9354,0.99363,1.9491,1.0086,2.2097,0.50979,2.9176,0.84267,0.81576,0.44948,2.8623,1.033,3.6897,0.75007,0.82125,0.42474,2.9073,0.91333,3.6995,2.5928,1.3763,0.54275,5.9679,1.884,7.3129,0.85257,0.45404,0.2237,4.421,1.8777,5.841,1.2453,0.59356,0.20413,6.9058,2.098,9.0083,1.8224,0.66972,0.3216,5.9768,2.7212,7.7493,1.9454,0.76952,0.43833,4.8174,2.528,6.1937
1.1256,0.67887,0.26519,5.4518,1.6581,6.8045,1.0385,0.56456,0.23047,5.3376,1.8395,6.9556,1.2086,0.69723,0.35984,4.0938,1.7335,5.2964,0.95014,0.6033,0.28658,4.1242,1.5749,5.4207,54.354,16.89,5.1992,11.757,3.218,13.703,1.2455,0.87923,0.3692,4.5606,1.4166,5.7551,2.9569,2.132,0.56235,7.3786,1.3869,9.0495,1.0668,1.5941,0.32514,6.7541,0.66921,8.1838,0.97153,0.73912,0.30084,4.535,1.3144,5.6862,1.0854,0.85749,1.5111,1.0485,1.2658,1.2857,1.1397,0.63087,0.22726,6.0525,1.8065,7.7909,1.6986,0.74764,0.31877,6.2804,2.272,7.674,1.7115,0.64641,0.25974,7.0219,2.6477,9.0779,1.4056,0.88863,0.3423,5.5543,1.5818,6.7024
0.89838,1.3334,0.16263,10.799,0.67377,13.723,0.76283,0.67482,0.19658,5.6437,1.1304,7.3133,1.4351,1.1275,0.23775,8.2921,1.2728,10.778,0.67304,0.55224,0.16789,5.658,1.2187,7.2981,1.226,1.5617,0.6504,3.4549,0.78507,4.2862,1.3702,1.9825,0.24444,11.078,0.69113,13.716,3.4731,3.4182,0.40133,14.076,1.0161,17.171,1.0123,2.1013,0.22768,11.001,0.48176,13.675,1.021,0.8689,0.24016,6.0501,1.175,7.869,1.2374,1.5904,1.4091,1.6341,0.77805,2.0068,0.90814,0.64729,0.1636,7.2748,1.403,9.5077,1.2987,1.6131,0.2138,10.807,0.80507,13.62,1.0646,0.93357,0.22461,6.8951,1.1404,8.8963,0.86888,1.5312,0.15795,11.749,0.56746,15.195
0.74912,0.66234,0.13626,7.533,1.131,10.359,0.55752,0.57433,0.13342,6.2489,0.97073,8.4832,0.55273,0.43397,0.10979,6.4039,1.2737,8.9869,0.49282,0.82485,0.13925,6.8272,0.59747,9.4627,0.51412,0.71047,0.15464,5.7623,0.72363,7.9192,0.5978,0.63493,0.18777,5.1001,0.94152,6.5652,0.78615,0.61555,0.16319,6.5592,1.2772,8.5895,0.42937,0.33407,0.1026,5.5813,1.2852,7.4411,0.61878,0.63702,0.15143,6.3458,0.97136,8.2929,0.52355,0.55516,0.14299,5.5135,0.94306,7.5437,0.46613,0.71342,0.16365,5.1864,0.65338,7.2078,0.70698,0.7161,0.15041,6.9305,0.98727,9.4613,0.6398,0.70453,0.3303,3.0016,0.90812,4.0701,0.7805,0.67996,0.17017,6.3329,1.1479,8.5822
0.80891,0.32763,0.21439,4.0774,2.4689,5.3014,1.1972,0.49539,0.30132,4.3897,2.4167,5.6172,0.67946,0.30174,0.14965,5.1888,2.2518,6.5567,0.55463,0.32934,0.21518,3.2164,1.6841,4.108,0.9898,0.4998,0.23039,5.3216,1.9804,6.4656,0.64734,0.52671,0.26196,3.8045,1.229,4.4817,0.83737,0.62178,0.3448,3.6657,1.3467,4.2319,0.77243,0.49387,0.25873,4.1324,1.564,4.8943,0.51045,0.37262,0.22581,3.2726,1.3699,3.9107,0.70309,0.43192,0.26891,3.4239,1.6278,4.2208,0.53816,0.32337,0.22071,3.0293,1.6642,3.9034,1.3262,0.65991,0.28644,5.4542,2.0096,6.9336,0.82811,0.36654,0.25589,3.7251,2.2593,4.6685,0.9597,0.33996,0.25955,3.8314,2.823,5.0073
2.0427,2.0405,0.26369,12.907,1.0011,15.485,1.3244,1.8997,0.21382,12.344,0.69715,15.078,1.0803,1.4356,0.21036,9.9353,0.75252,11.96,1.1539,1.6262,0.25659,8.7912,0.70958,10.834,2.6032,2.8745,1.5062,2.9172,0.90563,3.6368,1.5746,2.5019,0.38077,9.0723,0.62935,10.706,3.8399,7.0158,0.58897,16.201,0.54732,18.432,1.2796,7.8649,0.47207,17.452,0.1627,19.371,1.4809,2.5156,0.35364,9.8379,0.58867,11.301,1.2059,1.8036,0.51818,4.6461,0.66859,5.8078,0.72037,1.772,0.31352,6.4407,0.40654,7.9494,1.0219,1.9659,0.23138,10.893,0.51979,12.913,1.48,2.2527,0.30004,10.16,0.65702,12.441,1.9389,2.3266,0.34664,10.129,0.83335,12.305
1.1055,0.44726,0.15779,7.6841,2.4718,9.841,1.8027,0.65024,0.20413,9.424,2.7724,12.017,158.77,71.696,19.442,10.65,2.2144,11.854,2.5311,1.0173,0.32451,9.0037,2.488,10.935,1.5896,0.82374,0.31764,5.8953,1.9298,7.5979,1.7934,0.82191,0.24029,8.9988,2.182,10.884,1.957,1.0517,0.28914,8.7429,1.8608,10.406,2.1042,0.87622,0.25569,9.6266,2.4014,11.657,2.1702,0.76478,0.23813,9.8397,2.8377,12.325,1.9175,0.71902,0.245,8.5025,2.6668,10.761,1.8894,0.79028,0.26371,8.0733,2.3908,10.162,2.678,0.89161,0.26426,11.15,3.0035,13.508,2.4637,0.89256,0.26798,9.9824,2.7602,12.524,2.7763,0.93259,0.26752,11.042,2.977,13.864
3.0916,0.93127,0.22187,13.287,3.3198,18.132,2.657,0.92529,0.23423,11.367,2.8716,15.294,1.2629,0.68993,0.19673,7.1518,1.8305,9.9265,1.6769,0.75895,0.22031,8.0086,2.2094,11.056,1.2807,0.62756,0.29915,4.8029,2.0408,6.3789,1.4951,0.73826,0.24617,6.8061,2.0252,9.0725,1.6459,0.80864,0.23084,8.0334,2.0354,10.633,1.534,0.85363,0.24617,7.2679,1.797,9.6992,1.3385,0.65799,0.17957,8.1449,2.0342,11.118,1.4928,0.74694,0.29997,5.6031,1.9985,7.4665,1.7295,0.8818,0.27526,7.0672,1.9613,9.4866,1.7432,0.89769,0.2534,7.5307,1.9418,10.422,3.5963,0.99166,0.32391,10.329,3.6266,14.165,3.4351,1.2439,0.32816,11.247,2.7616,14.258
2902.4,1435,489.42,7.6945,2.0226,8.8624,18.632,9.723,3.4394,7.0428,1.9163,8.2441,18.533,9.3905,3.2274,7.4823,1.9736,8.6521,11.6,6.188,2.2368,6.749,1.8745,7.9524,17.323,8.9008,3.1271,7.2148,1.9463,8.386,17.938,9.1347,3.1681,7.3727,1.9637,8.5452,18.756,9.6546,3.2955,7.4421,1.9427,8.6211,19.078,9.2576,3.2486,7.5564,2.0608,8.7225,18.34,8.8269,3.0782,7.6125,2.0777,8.8255,19.315,9.1887,3.4488,7.106,2.102,8.2647,18.248,8.8571,3.1239,7.479,2.0603,8.6766,19.097,9.3044,3.2481,7.542,2.0524,8.744,19.572,9.2929,3.4771,7.1472,2.1061,8.3012,19.012,9.2184,3.2575,7.4825,2.0624,8.6663
9.4735,3.6811,1.3519,8.1721,2.5736,9.7307,8.9479,3.2035,1.0997,9.4604,2.7932,11.05,1205.3,486.84,137.21,11.015,2.4757,12.332,30.059,10.405,2.8157,12.45,2.8889,14.371,4.076,1.864,0.80173,6.0568,2.1867,7.4089,8.7985,3.9987,1.2202,9.126,2.2003,10.488,8.7132,4.4375,1.3153,8.8191,1.9636,9.9983,8.9594,4.3261,1.2691,9.1495,2.071,10.468,8.9322,3.829,1.2532,8.9172,2.3328,10.183,9.0439,3.897,2.6745,3.9808,2.3207,4.8386,8.7081,3.5207,1.3372,7.7893,2.4734,9.1448,8.5587,3.6136,1.1005,9.548,2.3685,11.061,9.5219,3.6106,1.2811,8.7635,2.6372,10.251,9.477,3.6549,1.4689,7.4792,2.5929,8.9402
2.9542,2.0829,0.61345,6.8712,1.4184,8.2111,5.2315,1.9025,1.2041,4.523,2.7498,5.9249,1.6956,1.9752,0.5584,5.4246,0.85844,6.5738,1.6011,1.6134,1.6927,1.4609,0.99239,1.8991,1.7328,1.5773,1.0227,2.597,1.0986,3.2366,1.3245,1.6123,0.49228,5.1454,0.82151,5.9656,3.427,4.1915,0.76215,8.6606,0.81761,9.9961,1.3575,3.0282,0.41827,9.1461,0.44828,10.485,1.4492,2.0445,0.4912,6.2638,0.70883,7.1128,2.2311,2.8245,2.2013,1.7925,0.78991,2.2966,1.5687,2.1647,1.1596,2.5442,0.72465,3.2196,1.8634,1.7725,0.46386,6.6848,1.0513,7.8384,1.8835,1.6529,1.3973,2.0007,1.1395,2.5308,2.811,2.3032,0.68427,6.2793,1.2204,7.474
1.0013,1.197,0.29593,6.3772,0.83648,7.4283,1.0035,0.85387,0.26443,5.639,1.1752,7.024,1.6715,1.5765,0.41799,6.5734,1.0603,7.7707,0.78141,0.94894,0.39239,3.5434,0.82346,4.4097,0.71003,0.74845,0.2998,4.0989,0.94867,4.8649,0.64739,0.67097,0.22527,4.9262,0.96486,5.8523,1.3383,3.0342,0.64151,6.2242,0.44108,6.8159,1.4788,8.0742,1.0972,8.0945,0.18315,8.707,1.0184,2.3704,0.5515,5.4945,0.42963,6.1447,1.3077,1.4564,0.46781,5.1128,0.89793,5.9086,0.77131,0.86482,0.30415,4.499,0.89187,5.3793,1.6932,1.369,0.41005,6.4919,1.2368,7.4678,1.2811,0.98771,0.34847,5.4044,1.2971,6.5109,1.6454,1.4411,0.4101,6.5321,1.1418,7.5262
3.4238,3.065,0.84623,4.2681,1.117,7.6679,6.7011,8.7264,0.7904,14.989,0.76791,19.519,1.2398,2.3447,0.24169,11.473,0.52874,14.831,1.9283,2.081,0.3396,8.9203,0.92663,11.806,1.3098,1.4092,0.21249,9.7971,0.92944,12.796,1.0356,2.7143,0.20219,15.516,0.38152,18.546,1.0793,5.2614,0.22794,23.642,0.20513,27.817,1.9223,20.588,0.3752,51.072,0.093369,59.995,2.8234,3.4883,0.31739,15.109,0.80938,19.886,1.7027,2.8411,0.24841,15.222,0.59932,18.291,1.3982,1.5731,0.22086,10.017,0.88882,13.454,1.2588,1.8655,0.19649,12.633,0.67475,15.9,1.8472,1.9675,0.22076,14.023,0.93888,17.28,2.1914,3.1147,0.56732,7.3588,0.70358,9.3528
1.4041,1.6563,0.25979,9.3285,0.84774,11.781,7.4951,4.8089,1.0601,10.099,1.5586,11.606,1.4571,1.194,0.23315,9.1504,1.2204,11.371,1.2645,1.2624,0.25141,7.8855,1.0017,10.051,1.0143,1.3105,1.2368,1.3829,0.77397,1.8796,1.8178,3.9772,0.41443,11.656,0.45704,13.983,3.0552,9.3113,0.46009,23.089,0.32812,26.878,1.9821,6.7312,0.3409,21.555,0.29446,25.56,1.6972,1.7684,0.4457,6.1546,0.95974,7.7755,6.0438,2.4454,0.95238,7.2832,2.4715,8.9136,1.0066,1.007,0.20051,7.7857,0.99954,10.043,1.8729,1.5807,0.3103,9.2667,1.1849,11.13,3.0784,2.3158,0.44667,9.8161,1.3293,12.076,4.0149,2.3951,0.52032,9.7588,1.6763,12.319
1.0973,0.47129,0.30783,4.1269,2.3282,5.0956,2.0027,0.74425,0.5735,3.685,2.6909,4.7898,0.56404,0.40955,0.22528,3.4493,1.3772,4.3217,0.82621,0.50319,0.59443,1.6804,1.6419,2.2364,1.0967,0.82053,0.92507,1.6201,1.3366,2.0725,1.0075,0.87676,0.43993,3.5426,1.1491,4.283,0.89042,0.79437,0.38316,3.6642,1.1209,4.397,1.5513,1.4233,0.69875,3.4559,1.0899,4.257,0.99783,0.66947,0.33461,4.0608,1.4905,4.9828,1.0426,0.67298,0.37664,3.8233,1.5492,4.555,0.93539,0.63734,0.37135,3.3572,1.4676,4.2352,0.49072,0.31455,0.16757,3.6518,1.5601,4.8057,3.4292,1.1565,0.72653,5.2064,2.9653,6.3118,0.47962,0.2736,0.14524,3.9208,1.753,5.186
1.1348,0.97943,0.23172,7.3282,1.1586,9.1239,4.3188,2.3012,0.33291,16.239,1.8768,19.885,1.1869,1.5821,0.26649,8.316,0.75021,10.391,1.2268,1.1835,0.18183,10.306,1.0366,13.256,1.591,1.2499,0.20614,10.855,1.2729,13.781,1.1161,2.6829,0.27369,11.78,0.416,13.881,1.6929,6.3916,0.43236,16.243,0.26486,18.699,1.3632,5.296,0.39295,14.875,0.2574,16.947,1.0509,2.4943,0.29703,10.198,0.42133,11.936,1.5724,2.1271,0.30198,10.374,0.73924,12.251,0.80332,1.0894,0.24167,6.0969,0.73741,7.8318,1.0732,1.3747,0.20347,9.5476,0.78069,12.031,4.77,2.0474,0.26944,20.491,2.3297,25.302,1.6438,1.8574,0.43527,6.3704,0.88501,8.0437
5.186,1.9802,0.6689,8.5633,2.6189,10.713,15.604,3.9003,1.2269,12.399,4.0007,15.898,1.9193,0.69702,0.39515,4.98,2.7535,6.621,4.1832,1.2509,0.69002,5.9428,3.3442,7.8751,2.6488,0.90145,0.39314,6.956,2.9384,9.0305,2.3331,0.91201,0.41301,6.0784,2.5581,7.857,4.2495,1.5134,0.55066,8.4816,2.8079,10.465,3.2101,1.2691,0.48424,7.2732,2.5295,9.2499,3.3134,1.2295,0.44905,7.8996,2.6949,10.117,2.2085,0.84028,0.38514,6.1531,2.6283,7.916,4.4678,1.0687,0.65709,6.1468,4.1805,8.4259,9.7974,1.7968,0.83248,10.771,5.4527,13.927,8.7074,2.4383,1.1095,7.9169,3.5711,10.046,5.5854,1.7124,0.88794,6.1547,3.2617,8.2188
3.3843,1.2249,0.93542,3.6052,2.7629,4.9274,11.781,4.8182,3.8159,3.1905,2.4451,4.3499,2.1996,1.0456,0.66758,3.5093,2.1037,4.8612,4.7408,2.5316,2.4795,2.0682,1.8726,2.933,35.102,14.847,6.8392,5.4507,2.3642,7.3035,2.542,1.5779,0.95474,3.1611,1.611,4.3153,3.3727,1.6669,0.72911,5.2994,2.0233,6.912,2.6444,1.6984,0.74199,4.4786,1.557,5.8529,3.0826,1.9048,1.1301,3.247,1.6184,4.4132,3.2938,2.4041,2.7758,1.4639,1.37,2.0527,6.3604,2.3264,1.7187,3.6113,2.734,5.0543,1.9101,0.9276,0.50428,4.1597,2.0592,5.6272,14.107,4.6831,2.518,5.5432,3.0123,7.4623,3.6067,1.3158,0.64717,5.7933,2.741,7.6063
8.0221,4.6302,0.60199,18.13,1.7325,21.018,10.514,5.8248,0.95217,14.656,1.805,17.16,3.047,4.0257,0.54124,11.502,0.75687,13.067,4.0966,3.9717,0.65296,10.631,1.0315,12.356,4.2038,4.0802,0.78918,9.4121,1.0303,10.497,3.774,9.5202,1.1336,10.07,0.39641,11.727,3.9116,12.383,1.01,14.714,0.31588,16.133,4.1301,11.03,0.92754,14.89,0.37446,16.344,2.9648,6.6805,0.78204,10.641,0.4438,12.334,3.6558,4.2598,0.69003,10.056,0.85821,11.471,3.7601,3.4365,0.63057,9.6595,1.0942,11.413,3.0392,3.6727,0.54124,10.787,0.8275,12.401,10.68,6.2826,1.1373,12.424,1.6999,14.915,2.8794,3.2359,0.44808,11.678,0.88984,13.648
12.951,3.396,1.0384,12.765,3.8137,15.743,7.6509,2.6811,0.64386,12.839,2.8536,16.047,1.7118,1.3261,0.42924,5.9767,1.2909,7.0773,3.9458,1.9644,0.56282,8.4535,2.0087,10.501,2.5399,2.4577,0.45497,8.8973,1.0334,10.985,1.7911,1.5332,0.44287,6.1885,1.1682,7.5063,2.7645,1.921,0.78304,5.0214,1.4391,5.9838,3.3607,2.6748,0.84128,6.1154,1.2564,7.1742,2.1062,1.2001,0.40695,6.5203,1.755,8.1247,1.7695,1.8598,0.66159,4.4009,0.9514,5.4857,6.2324,1.8337,0.60477,10.075,3.3989,13.337,1.9467,1.1854,0.34503,7.3566,1.6423,9.0777,7.4241,3.1228,0.93943,9.175,2.3774,11.227,3.8612,1.7838,0.49825,9.2196,2.1646,11.329
6.1003,0.90316,0.70826,7.9673,6.7544,9.8882,4.4452,1.4877,1.3195,3.7549,2.9879,4.4964,3.0525,0.62485,0.44913,6.539,4.8851,8.1877,25.087,12.004,4.3464,7.3849,2.0899,8.5338,1.8382,0.93602,2.267,0.98014,1.9638,1.2237,2.2403,0.80713,0.48231,5.0625,2.7757,6.3185,5.3263,1.8993,0.75982,8.0224,2.8044,9.5096,2.0868,0.83473,0.48087,4.929,2.5,6.0755,1.7286,0.55212,0.37953,4.6698,3.1308,6.0093,2.2901,1.1528,1.8925,1.4461,1.9865,1.8193,1.9193,0.76231,0.86689,2.4766,2.5177,3.0934,3.1981,0.67854,0.53323,5.866,4.7133,7.2702,4.9899,1.7112,1.3212,4.0771,2.9159,5.0721,3.7117,0.67162,0.56395,6.1791,5.5264,7.7726
8.9671,2.7391,0.72736,13.856,3.2738,16.094,6.2484,1.9206,0.42045,15.732,3.2534,19.429,1.693,0.73092,0.2318,8.1244,2.3162,10.457,2.8749,1.0581,0.31037,10.155,2.717,12.672,2.3455,1.2044,0.456,5.8584,1.9474,7.7849,2.2256,1.0999,0.30536,9.0235,2.0234,10.891,5.016,2.3063,0.46563,13.539,2.1749,15.726,2.4259,1.2471,0.3116,9.8058,1.9452,11.788,1.7558,0.78089,0.22782,8.852,2.2484,11.134,3.8349,1.8141,0.71895,6.2294,2.1139,7.8573,2.68,1.199,0.40513,7.805,2.2352,9.5749,2.3317,0.92946,0.29448,8.9148,2.5086,11.074,4.2257,1.4216,0.41403,11.284,2.9725,13.64,2.3219,0.86392,0.24848,10.318,2.6877,12.821
3.6559,1.1129,0.90012,4.7157,3.2849,5.298,7.3092,2.4225,0.72011,10.778,3.0173,13.514,1.3718,0.52107,0.19402,7.8457,2.6327,9.7559,3.6071,1.2065,0.43809,8.7361,2.9897,10.988,2.213,1.0297,0.47193,5.39,2.1492,6.8712,2.1217,1.0053,0.47554,5.1911,2.1105,6.5755,2.9513,1.0218,0.36254,8.8415,2.8882,10.959,1.9704,0.84444,0.33517,6.6969,2.3334,8.3984,2.4167,1.0559,0.47711,5.6344,2.2887,7.2785,2.3248,1.0904,0.44909,5.9977,2.1321,7.6047,3.9306,1.415,0.42757,9.8662,2.7778,12.502,1.7418,0.70667,0.2897,6.6134,2.4649,8.4518,8.6723,2.6169,0.77879,11.677,3.3139,14.496,3.6781,1.0389,0.35254,10.428,3.5404,13.38
2.4556,2.6701,0.40544,11.38,0.91965,12.642,4.7102,4.6225,0.63003,12.715,1.019,14.813,1.93,2.2708,0.42223,8.8796,0.8499,9.9491,2.6879,3.336,0.42382,12.285,0.80574,14.213,3.1823,4.5938,0.60476,11.409,0.69275,12.858,3.4906,6.1377,0.81115,10.846,0.56872,11.87,11.472,9.2563,2.1434,8.741,1.2394,9.6705,5.2144,8.1917,0.96418,12.694,0.63654,13.904,4.1316,7.6994,0.85656,12.762,0.53662,13.812,2.9081,5.1039,0.54245,13.072,0.56979,14.77,2.4937,3.198,0.41695,11.782,0.77977,13.651,2.3729,2.1682,0.42371,9.4537,1.0944,10.717,3.8478,3.4754,0.57681,10.683,1.1071,12.696,2.7447,2.4868,0.42117,10.833,1.1037,12.421
2.726,0.75744,0.9479,2.6912,3.599,3.6749,15.172,2.3598,1.0372,12.901,6.4296,16.904,1.2658,0.3636,0.24506,4.9918,3.4814,6.6492,3.3293,0.63287,0.32992,8.95,5.2607,12.009,1.879,0.66074,0.27312,7.1258,2.8438,9.2991,1.7134,0.69212,0.29304,6.4451,2.4756,8.2089,1.7609,0.62104,0.28045,6.5426,2.8353,8.493,2.5011,0.71111,0.27945,8.6978,3.5171,11.495,1.4404,0.50083,0.24006,6.1939,2.8761,8.0866,1.8423,0.74883,0.37824,5.4043,2.4602,6.8505,1.6875,0.54445,0.3285,5.2191,3.0995,6.7945,1.4194,0.3653,0.16609,8.1022,3.8856,10.745,8.4448,2.0626,1.1971,6.8731,4.0943,8.7778,4.2689,1.2571,1.0868,3.9108,3.3957,5.0848
1.6815,0.8064,0.3198,6.261,2.0851,7.7793,3.0901,1.3735,0.60844,5.5211,2.2497,7.3362,2.0635,1.0519,0.55672,4.3201,1.9617,5.596,1.5437,1.3518,1.8088,1.1317,1.142,1.6008,2.863,1.3554,0.41178,8.3685,2.1122,10.244,2.3467,1.8201,0.61669,5.5052,1.2893,6.7568,2.7432,1.9096,0.55864,6.786,1.4365,8.3288,2.6849,2.0394,0.44197,9.1282,1.3165,10.689,2.3588,2.1921,0.78042,4.6703,1.076,5.8313,2.7754,1.6523,0.56557,6.2646,1.6797,7.8287,1.2436,0.75231,0.28653,5.5747,1.6531,6.9657,1.7022,0.92561,0.2985,7.1129,1.839,8.8034,1.9141,0.87428,0.34076,6.3759,2.1893,8.1829,2.0136,0.88304,0.30758,7.7251,2.2803,9.4174
4.9807,2.0336,0.85925,6.5568,2.4492,8.1633,8.7852,3.5094,1.0156,9.9103,2.5034,12.106,2.1763,1.229,0.5043,5.5386,1.7708,6.7527,3.0677,1.6024,0.55194,6.8232,1.9145,8.4612,2.2187,1.6425,0.55529,5.5356,1.3509,6.9535,1.8265,1.5168,0.56936,4.7023,1.2042,5.872,3.6527,2.264,0.65045,7.6482,1.6134,9.0963,3.1097,1.7712,0.58894,7.0588,1.7557,8.2875,2.3851,1.4111,0.48556,6.5357,1.6902,7.8181,2.5646,1.9648,0.6739,5.3884,1.3053,6.7211,4.1283,2.0439,0.7351,6.6903,2.0198,8.3965,2.4659,1.7091,0.83295,4.0797,1.4428,5.0123,10.588,3.9662,1.1873,9.99,2.6695,12.259,23.059,10.76,3.8088,7.4943,2.143,8.8793
13.76,3.5149,1.0887,12.903,3.9147,15.867,47.059,31.191,3.7507,17.127,1.5087,20.863,3.9975,2.2701,0.42711,11.328,1.7609,14.674,20.201,13.098,2.1234,13.228,1.5423,15.682,13.441,6.3436,1.6429,9.4181,2.1188,12.042,12.347,4.1032,1.4436,9.0523,3.0091,11.395,38.125,11.992,3.0414,14.58,3.1791,16.478,6.1705,2.3128,1.0557,6.6253,2.668,8.0357,20.603,12.825,2.9272,9.4086,1.6065,11.42,13.267,6.7871,1.6159,10.66,1.9547,12.411,22.49,10.635,2.0272,13.21,2.1147,16.34,10.721,3.9178,1.2267,9.2646,2.7365,11.933,52.523,45.086,5.6983,13.845,1.1649,17.129,59.098,31.769,7.6647,10.202,1.8603,11.855
2.8331,1.2825,0.72824,4.3931,2.209,5.6515,15.071,5.069,1.325,12.021,2.9732,15.2,1.8207,1.7382,0.31237,9.5534,1.0475,11.393,6.9084,2.3301,0.40969,17.877,2.9648,22.55,2.1633,2.8996,0.26884,15.123,0.74608,18.832,1.7998,2.4866,0.28451,12.562,0.72382,15.066,2.2837,2.6845,0.37921,11.335,0.85071,13.101,3.3497,4.4991,0.59752,11.399,0.74453,13.136,1.7497,1.4148,0.31055,8.0575,1.2367,10.19,2.723,3.8004,0.52317,9.703,0.71651,12.469,2.3402,1.7212,0.34209,9.4783,1.3596,11.872,0.91587,0.73911,0.19374,6.7293,1.2392,8.5424,10.196,5.3705,0.90137,14.258,1.8985,17.27,3.0605,2.656,1.4963,2.9376,1.1523,3.8205
2.8172,0.89538,0.25063,11.647,3.1464,14.813,5.8362,1.5977,0.26812,22.526,3.6528,27.726,1.4979,0.71464,0.20709,8.3758,2.096,10.684,2.5498,0.86563,0.19824,13.526,2.9456,17.229,1.625,0.85431,0.1925,10.02,1.9021,12.879,1.2993,0.64319,0.20684,7.5327,2.0201,9.3914,3.5589,1.2763,0.44088,9.3106,2.7884,10.967,2.2658,0.84136,0.27514,9.208,2.693,11.293,1.0411,0.58894,0.24067,5.0945,1.7677,6.7728,2.0877,1.1454,0.28133,8.7523,1.8226,11.493,3.212,0.97811,0.26712,12.017,3.2839,15.686,1.5282,0.71271,0.2344,7.4732,2.1441,9.5601,8.3875,1.9987,0.36052,23.918,4.1965,28.809,2.3896,0.71138,0.23492,10.44,3.3592,13.2
4.4519,1.3433,0.34178,13.154,3.3141,16.956,8.8137,3.9411,1.3572,7.2276,2.2363,9.3978,3.4279,1.6938,0.55279,7.0579,2.0238,9.2652,4.0569,2.0916,1.3024,3.3226,1.9396,4.721,4.6622,3.1812,0.67478,9.1198,1.4656,11.624,4.3863,2.6945,0.62249,8.6378,1.6279,11.375,4.0159,3.2692,0.68635,8.5772,1.2284,10.614,3.5808,2.7525,0.6118,8.1768,1.3009,10.352,3.9469,2.3027,0.65401,7.5436,1.714,9.5558,5.9555,2.2409,0.75736,8.5788,2.6577,10.822,5.6624,2.7478,1.2724,4.9612,2.0607,6.6099,2.8949,1.6957,0.47577,7.0053,1.7072,9.6489,18.735,7.3375,2.2407,8.8364,2.5533,11.636,5.1882,1.777,0.46472,11.561,2.9197,14.988
0.78645,0.31219,0.14111,6.0417,2.5191,7.7858,3.1067,0.90519,0.39592,7.9725,3.4321,10.133,0.55387,0.26705,0.11061,5.6492,2.074,7.4215,0.74646,0.39625,0.19013,4.6502,1.8838,6.0101,2.081,0.92664,0.47069,5.2467,2.2458,6.3899,0.89595,0.56695,0.19237,6.1273,1.5803,7.6045,1.0569,0.5772,0.18681,7.2295,1.8311,8.7474,1.129,0.77524,0.20785,7.6778,1.4563,9.1614,0.63392,0.36277,0.12088,6.3935,1.7475,8.2452,1.32,0.88877,0.2177,8.4385,1.4852,10.146,0.75625,0.37879,0.2208,4.0668,1.9965,5.1405,0.41677,0.22618,0.11171,4.4193,1.8426,5.7557,5.5228,1.6178,1.4962,3.8821,3.4138,4.7726,0.72917,0.28143,0.16055,4.9233,2.591,6.2945
4.0649,1.0287,0.32585,12.753,3.9516,15.631,19.832,3.5324,0.48278,40.688,5.6143,48.396,1.582,0.56619,0.23763,7.1276,2.7942,9.0402,6.9296,1.3643,0.37006,18.001,5.0791,22.413,4.0412,1.4313,0.38018,12.271,2.8234,14.395,2.4248,1.0065,0.38695,7.4248,2.4091,8.8676,3.5241,1.4556,0.54656,7.7064,2.4211,9.1109,2.8016,1.3156,0.5184,6.781,2.1295,7.9421,1.883,0.93181,0.33936,6.6835,2.0208,8.2945,6.9144,1.8898,0.49076,14.719,3.6587,17.94,7.2353,1.4791,0.56779,12.501,4.8916,15.348,1.5999,0.69194,0.30597,6.0191,2.3122,7.4904,26,3.8481,0.69817,35.876,6.7565,42.752,6.4912,1.5226,0.7802,8.2392,4.2633,10.271
5.3718,1.6963,0.50081,12.449,3.1668,14.113,7.7899,2.2431,0.59299,14.487,3.4728,16.92,2.3233,0.92887,0.27751,9.2481,2.5012,11.719,4.6814,1.4507,0.37551,13.767,3.2269,16.33,3.5015,1.3054,0.51044,8.079,2.6823,9.4172,4.7696,2.3395,0.72012,8.2142,2.0387,9.8721,7.6283,3.4763,0.63623,15.902,2.1944,17.454,4.8433,2.4806,0.51971,12.642,1.9525,14.092,4.0669,2.0981,0.97091,5.3653,1.9384,6.3497,3.3841,1.7585,1.0553,4.1033,1.9244,4.8732,3.0734,1.1246,0.50593,6.9553,2.7329,8.2974,2.2907,1.0747,0.25828,11.184,2.1314,13.03,9.0762,2.7181,0.88725,11.118,3.3392,13.293,3.9607,1.4135,0.60431,7.6419,2.8021,8.893
0.88638,0.33984,0.12385,7.3971,2.6083,9.9011,7.4544,2.6143,0.73668,10.974,2.8514,13.668,0.81926,0.40522,0.15249,6.5524,2.0218,8.0301,1.2993,0.59686,0.18644,7.9648,2.1769,10.171,1.6965,1.112,0.24952,8.9495,1.5256,11.256,0.97058,0.79304,0.23687,6.0845,1.2239,7.4455,1.5037,1.0018,0.3265,6.3609,1.501,7.6739,1.5914,1.159,0.34704,6.5302,1.3731,7.9252,0.463,0.30931,0.13697,4.2569,1.4969,5.6386,1.8517,2.0695,0.61581,5.2919,0.89477,6.3675,1.3272,0.6929,0.26238,5.8918,1.9155,7.6993,0.49239,0.23116,0.097682,5.6198,2.1301,7.4071,5.0872,2.353,0.63097,9.4541,2.162,11.792,1.7225,0.74141,0.21087,9.4675,2.3232,11.684
2.5604,0.96973,0.34955,8.4822,2.6403,10.099,7.815,2.472,0.64936,13.319,3.1614,15.842,1.5948,0.73354,0.29934,6.4427,2.1741,7.7782,3.0154,1.1201,0.36765,9.0309,2.6921,11.248,4.4167,1.5168,0.72982,6.1864,2.9118,8.1301,2.7071,1.1311,0.4689,6.6343,2.3933,8.1856,4.1177,1.7222,0.64339,7.4799,2.391,9.0768,2.5893,1.4123,0.61303,5.1969,1.8334,6.5276,2.2212,1.1611,0.46499,5.8476,1.9129,7.274,3.3671,1.3175,0.52314,7.0206,2.5557,8.9547,4.3437,1.2883,0.43346,10.193,3.3716,12.993,3.4396,0.92394,0.35111,10.25,3.7228,12.428,6.4935,2.114,0.5882,11.852,3.0716,14.634,2.8818,0.95058,0.36504,8.5761,3.0316,10.498
6.7259,3.3834,0.62507,13.893,1.9879,16.173,16.496,6.9481,0.89179,21.642,2.3742,26.289,7.011,3.2387,0.72955,12.484,2.1647,14.049,5.5999,3.1555,0.54401,13.228,1.7746,16.094,5.5887,3.4797,0.4934,15.932,1.6061,18.379,5.1746,4.5192,0.7548,11.142,1.145,12.843,7.492,6.7706,0.78118,16.116,1.1066,18.258,6.6414,7.0018,0.69145,17.545,0.94852,19.731,3.6386,3.1512,0.48576,11.388,1.1547,13.978,7.2664,5.379,0.60218,18.268,1.3509,20.999,4.1175,2.3542,0.40418,13.012,1.749,16.012,7.034,4.1511,1.0176,9.7473,1.6945,10.992,10.886,4.2485,0.57007,22.228,2.5623,26.549,4.1771,2.1765,0.4691,11.565,1.9192,13.544
6.2698,2.3656,0.7114,10.353,2.6504,12.139,10.333,3.3998,0.88549,13.199,3.0392,15.509,654.39,280.31,67.887,12.143,2.3346,13.769,6.7137,2.7017,0.75848,10.593,2.485,12.414,5.2104,2.2736,0.66506,9.398,2.2916,11.253,4.9761,2.2375,0.72514,8.4608,2.2239,9.948,8.5157,3.8505,0.93836,11.774,2.2116,13.178,6.3231,2.8753,0.83142,9.7557,2.1991,11.064,4.7755,2.1187,0.6229,9.3518,2.254,11.068,5.1737,2.2158,0.62551,9.9937,2.3349,11.814,7.0745,2.7207,0.73175,11.254,2.6003,13.386,5.59,2.4962,0.72425,9.6272,2.2394,11.165,12.897,3.952,0.89995,15.932,3.2634,18.722,5.5213,2.2477,0.59769,11.058,2.4564,12.998
2.0822,0.83313,0.20017,12.357,2.4992,14.564,2.8917,1.6558,0.33583,11.388,1.7464,13.541,2.8983,1.7036,0.3315,11.697,1.7013,13.882,1.5767,0.92246,0.21953,9.5114,1.7093,11.384,1.5621,1.4851,0.2466,10.353,1.0518,12.357,2.9281,1.6052,0.34323,11.528,1.8241,13.208,4.8231,2.1839,0.55811,10.998,2.2085,12.555,4.3149,2.3391,0.44899,13.113,1.8447,14.82,5.0658,2.6676,0.6006,11.321,1.899,12.876,2.0673,1.1009,0.25199,10.606,1.8778,12.573,1.3148,0.71656,0.20046,8.325,1.8349,10.133,1.1898,0.59434,0.1623,9.1317,2.0018,10.993,2.5608,1.2272,0.27573,11.505,2.0867,13.738,1.8527,0.76515,0.19213,11.339,2.4214,13.625
1.6089,0.69898,0.26718,6.7499,2.3018,8.638,3.2274,1.3375,0.6706,5.3518,2.413,6.8072,2.2442,1.3329,0.51449,5.6688,1.6837,6.9528,1.204,0.65963,0.80621,1.6539,1.8253,2.3116,3.6321,1.1906,0.63955,5.7809,3.0506,7.5408,1.134,0.65091,0.23525,5.7449,1.7422,7.5872,17.345,8.482,2.5844,8.6288,2.0449,9.9933,1.7872,1.0978,0.31029,7.4147,1.628,9.2979,1.0025,0.64267,0.20733,6.1361,1.5599,7.9351,1.0304,0.56732,0.24722,4.7788,1.8163,6.4626,1.4811,0.58735,0.40684,3.7013,2.5216,5.0841,0.86486,0.40672,0.22892,3.9428,2.1264,5.5546,2.5686,1.0256,0.46569,5.7773,2.5043,7.7181,2.1569,0.78239,0.34844,6.4632,2.7568,8.4353
15.05,4.1861,2.0812,6.9037,3.5952,9.2427,50.137,10.184,1.6679,29.73,4.9232,36.167,161.2,80.854,20.577,10.502,1.9937,11.763,14.029,3.6043,1.1538,11.569,3.8925,15.283,7.9083,3.9137,0.95622,10.075,2.0207,12.363,5.8084,3.3976,0.90304,8.4301,1.7095,10.194,3.656,1.7619,0.64609,6.9735,2.075,8.3857,5.619,2.3101,0.62951,10.007,2.4324,12.596,4.5307,2.0241,0.59055,8.7852,2.2384,11.1,6.4856,2.7612,0.73082,10.222,2.3488,12.653,15.593,4.7236,3.9304,3.751,3.3011,5.1692,6.6469,2.2618,1.9928,3.1596,2.9388,4.4704,41.377,9.929,2.5292,15.786,4.1672,20.285,20.709,5.235,2.1114,9.2346,3.9559,12.287
3.3045,1.0794,0.53158,6.3068,3.0614,8.247,36.622,7.8404,2.3684,14.289,4.6709,18.773,3.3438,1.0765,0.43951,7.5283,3.1061,10.057,4.8528,1.8682,1.1632,4.0669,2.5975,5.7782,4.1713,1.5723,0.52111,8.3172,2.653,11.022,5.2032,1.6858,0.49328,11.239,3.0865,13.966,5.3945,2.1683,0.60714,9.8588,2.4879,12.456,5.4182,2.6586,0.74861,8.5056,2.038,10.789,6.0154,2.2289,0.67507,9.6683,2.6988,12.213,5.4865,2.1155,0.575,10.49,2.5934,13.221,9.0694,2.4714,1.0533,7.741,3.6697,10.957,3.7965,1.5156,0.73193,5.5095,2.5049,7.2576,10.681,2.9436,1.083,9.0279,3.6286,12.58,16.565,3.1354,1.4958,10.258,5.2832,13.171
6.5887,0.70202,0.24986,22.756,9.3854,29.179,14.233,4.8174,1.6474,8.0648,2.9546,11.564,8.4246,1.0087,0.32747,22.283,8.3516,28.807,2.8129,1.5264,0.57928,5.5988,1.8429,7.4907,6.7963,2.6573,1.2846,5.4325,2.5575,7.3593,4.5836,1.5544,0.45252,11.011,2.9488,13.564,3.6925,1.6758,0.42036,10.363,2.2034,12.771,4.47,2.1919,0.60221,9.1042,2.0393,11.063,2.8959,0.62881,0.28437,9.4609,4.6053,12.395,7.3015,2.215,1.4763,4.7589,3.2964,6.4464,4.1533,2.2506,1.9848,2.2556,1.8454,3.2264,5.4461,0.57304,0.26228,16.963,9.5039,22.949,17.023,5.8836,2.1681,8.0367,2.8934,10.566,16.442,1.6973,0.45289,31.661,9.6867,40.052
8.5524,2.0912,0.45201,18.76,4.0897,23.547,14.664,3.3835,0.46904,32.713,4.3338,38.477,3.7089,1.2089,0.35157,11.548,3.0681,13.988,7.0585,1.977,0.38949,18.992,3.5703,23.198,4.0293,1.3199,0.30596,14.399,3.0526,17.483,2.762,1.4078,0.36396,9.5227,1.962,11.457,3.8324,1.9059,0.41262,11.659,2.0108,13.907,4.6894,2.1049,0.43015,13.266,2.2278,15.795,2.6026,1.1641,0.30872,9.7987,2.2357,12.201,3.4502,1.1899,0.28453,13.502,2.8995,16.308,43.175,8.4871,3.0665,12.982,5.0872,16.847,2.3732,1.0534,0.41322,6.576,2.2529,8.2924,30.689,7.3823,1.0763,30.649,4.1571,35.373,12.573,3.0663,0.67451,18.605,4.1004,23.186
7.2416,2.2544,0.96153,7.6413,3.2121,9.8759,13.289,3.7286,0.95957,14.144,3.5642,17.735,4.7609,2.0674,0.93028,5.7041,2.3028,7.3401,4.6448,1.9255,0.93862,5.3294,2.4123,6.9999,5.3341,2.3523,0.65601,9.4598,2.2676,11.717,4.0074,1.8002,0.56399,8.1054,2.2262,10.297,3.6075,1.9328,0.44858,9.9253,1.8664,12.351,4.5177,2.5064,0.51355,11.091,1.8024,13.677,2.9997,1.5975,0.4637,7.9629,1.8778,9.914,3.1757,2.0557,0.65066,6.3964,1.5448,8.0402,3.8197,1.6135,1.1854,3.3967,2.3673,4.5834,3.3542,1.5674,0.56395,6.9567,2.14,8.727,19.591,5.255,1.4137,13.913,3.728,17.575,8.1844,2.2498,0.77086,10.415,3.6378,13.536
1.8187,0.74429,0.46294,4.2974,2.4435,5.5364,4.2264,1.8747,0.60408,7.8883,2.2545,10.1,1.5428,0.68063,0.25603,6.7187,2.2667,8.6843,1.7991,0.77392,0.36333,5.4322,2.3247,7.0819,0.93314,0.48979,0.25291,4.4085,1.9052,5.6262,1.2318,0.70704,0.33786,4.4489,1.7422,5.7386,1.1075,0.88429,0.45328,3.2685,1.2524,4.3941,0.85424,0.53884,0.29608,3.5651,1.5853,4.705,0.99836,0.68743,0.37839,3.3861,1.4523,4.4551,1.2166,0.69727,0.3007,5.0682,1.7449,6.3648,1.3282,0.68814,0.27769,5.4864,1.9302,7.2614,0.80304,0.36532,0.17496,4.9336,2.1981,6.6778,3.8491,1.5113,0.56175,7.3382,2.5469,9.5424,1.6825,0.7415,0.5745,3.1914,2.269,4.2193
3.2626,1.4162,0.70516,4.9802,2.3038,6.6352,10.599,3.4684,1.3173,8.449,3.0558,10.678,2.2588,1.1526,0.79405,3.2129,1.9597,4.2963,3.6326,1.7235,0.83321,4.8647,2.1077,6.4283,5.1376,2.7356,1.1127,5.5179,1.8781,7.0756,2.0591,2.0829,0.8692,3.8322,0.98856,4.7653,4.1731,2.3523,1.1036,4.5776,1.774,5.9131,4.1502,1.8925,0.7085,6.881,2.193,8.5288,1.975,2.2179,1.034,3.0857,0.89047,4.0552,2.789,2.2914,1.1828,3.3603,1.2171,4.2951,6.9695,3.2653,1.3464,5.7755,2.1344,7.6017,3.5264,1.8814,0.73595,5.3645,1.8743,7.3482,9.3141,2.9944,1.0347,9.41,3.1105,11.896,4.6704,1.8529,0.88335,5.7146,2.5206,7.3847
1.3829,0.87807,0.20728,8.7294,1.5749,10.908,4.5752,1.6757,0.58757,8.4261,2.7303,10.639,1.5095,0.78981,0.23439,7.6931,1.9112,9.8097,1.415,0.65585,0.25229,6.0339,2.1574,8.208,3.725,1.7806,0.56681,7.7737,2.092,9.7132,2.1072,2.2103,0.34001,10.083,0.95333,12.698,2.4155,2.4553,0.43294,9.2891,0.9838,11.25,1.6038,1.3751,0.30442,8.06,1.1663,9.7855,1.9159,1.3769,0.367,7.3364,1.3915,8.9721,1.8169,1.2646,0.97279,2.5456,1.4367,3.1677,2.1472,0.93846,0.30199,8.0124,2.288,10.218,1.9869,1.1419,0.26405,9.442,1.74,11.85,3.1351,1.3171,0.4044,8.3899,2.3802,11.01,1.5674,1.0185,0.22219,9.1077,1.5389,11.638
1.1992,0.80951,0.14443,11.516,1.4814,13.908,1.1643,0.7218,0.1612,9.4719,1.6131,11.701,6.4247,3.5281,1.0156,8.3454,1.821,9.7999,0.85928,0.76657,0.13249,9.9473,1.1209,12.271,0.82729,0.7006,0.15873,8.0143,1.1808,9.6255,0.99123,0.65916,0.1962,7.0125,1.5038,8.4116,2.043,1.5273,0.44057,6.7033,1.3377,8.1039,0.76645,0.57562,0.18009,6.019,1.3315,7.4523,0.87066,0.53037,0.13373,8.5521,1.6416,10.476,1.0407,0.98836,0.18297,9.2193,1.053,11.09,1.095,1.0202,0.16659,10.398,1.0733,12.696,1.0535,0.8559,0.17757,8.8834,1.2309,10.753,1.5013,0.95193,0.24106,7.9965,1.5771,10.177,1.1276,0.7783,0.16427,9.389,1.4489,11.602
7.7638,1.532,0.68184,10.233,5.0679,13.633,16.875,3.1063,0.99095,15.43,5.4326,20.164,2.0055,0.80895,0.70114,2.8744,2.4792,4.0141,6.0407,1.4717,1.0712,4.9571,4.1045,7.0129,6.3031,1.289,0.50235,11.977,4.89,15.113,3.523,1.2385,0.52559,7.2689,2.8446,9.0593,5.5361,1.6153,0.67365,8.496,3.4274,10.616,3.5002,1.1944,0.44015,8.7339,2.9306,10.666,3.2349,0.92112,0.46529,7.1019,3.5119,8.9321,4.4324,1.157,0.54746,7.9847,3.8307,10.21,6.8424,1.7341,0.85911,7.6433,3.9459,9.9829,2.4465,0.89455,0.67923,3.6452,2.7349,4.9189,28.795,5.5459,1.5576,17.307,5.1921,22.048,10.515,2.0495,1.2481,7.4562,5.1307,10.067
1.6305,0.93432,0.41409,5.0212,1.7452,6.194,4.4271,2.0064,0.5518,9.6928,2.2065,11.659,1.2104,0.81598,0.19395,8.745,1.4834,10.448,1.8707,1.0939,0.22205,11.206,1.7102,13.351,2.2546,1.4938,0.33709,9.2793,1.5093,11.12,1.8217,1.194,0.36202,7.1922,1.5257,8.3301,2.4096,1.4017,0.38961,8.3492,1.719,9.7823,3.4361,2.1638,0.50503,9.806,1.5879,11.088,2.2063,1.4286,0.36122,8.6173,1.5444,10.063,3.56,1.6026,0.35465,12.119,2.2214,14.557,1.754,1.235,0.25427,9.7494,1.4202,11.756,2.2706,1.1534,0.28188,10.175,1.9685,12.147,4.4706,1.9821,0.63627,8.4996,2.2554,10.142,3.0204,1.313,1.0553,3.3138,2.3004,4.1061
38.292,12.421,2.2491,20.276,3.0828,22.548,40.682,13.248,2.4009,19.523,3.0708,22.462,5784.1,1938.5,347.2,20.419,2.9839,22.243,41.038,13.813,2.7883,17.101,2.971,19.672,34.368,11.397,2.2212,18.203,3.0154,20.604,36.756,12.071,2.3185,18.732,3.045,21.06,38.098,12.742,2.3608,19.281,2.99,21.535,36.96,12.119,2.2705,19.42,3.0497,21.616,35.53,11.362,2.2227,18.84,3.127,21.097,37.427,11.85,2.3227,18.848,3.1583,21.216,37.542,12.261,2.5415,17.155,3.0618,19.596,38.274,12.428,2.4973,17.938,3.0796,20.303,42.577,12.866,2.6688,18.174,3.3093,20.775,41.775,13.15,2.4686,20.019,3.1768,22.249
3.4706,0.67516,0.2745,11.398,5.1404,15.103,3.0576,0.87821,0.30986,9.6022,3.4816,12.702,1.605,0.35647,0.14672,9.7941,4.5025,13.369,1.8975,0.63687,0.30353,6.167,2.9794,8.3496,1.9601,1.0986,0.55394,4.2067,1.7842,5.5216,1.9454,1.0243,0.40083,5.8102,1.8991,7.4088,2.0621,0.69682,0.26378,8.2026,2.9594,10.46,2.4975,1.1232,0.35717,7.7652,2.2235,10.137,2.0576,1.218,0.47674,5.266,1.6893,6.871,2.0397,0.99922,0.52936,4.3523,2.0413,5.7406,2.77,0.91945,0.36809,7.6001,3.0127,10.023,2.1548,0.46339,0.1518,12.435,4.6501,17.247,3.4556,1.0304,0.40478,8.4685,3.3535,11.083,2.9667,0.43495,0.16493,15.139,6.8207,20.625
476.91,248.58,81.41,7.7885,1.9185,8.9115,7.6828,3.0416,1.632,5.407,2.5259,6.5713,4.3499,1.9552,0.71846,7.5268,2.2248,8.7759,3.6295,1.5949,0.67372,6.4921,2.2757,7.7547,4.5416,2.0641,1.0026,5.5271,2.2003,6.5886,4.0261,1.8299,0.66804,7.4116,2.2002,8.7659,4.6658,2.2058,0.80944,7.1568,2.1153,8.4894,4.9874,2.5051,0.84012,7.6711,1.9909,8.9183,3.5882,1.7438,0.58495,7.8075,2.0577,9.1152,4.6942,2.3959,0.95947,6.1402,1.9593,7.3896,4.0378,1.8694,0.69268,7.2725,2.1599,8.528,4.8846,1.7694,0.73771,7.6825,2.7606,9.0198,7.8713,2.9667,1.3252,6.8404,2.6532,8.1785,6.0637,2.048,0.92214,7.3825,2.9608,8.7966
8.36,3.1167,1.2847,7.2606,2.6823,8.9336,6.5257,2.0651,0.87989,7.7692,3.16,9.7634,1.0504,0.4731,0.25246,4.8017,2.2204,6.0348,2.5774,0.9454,0.64156,4.3236,2.7263,5.491,1.5497,0.86996,1.576,1.1502,1.7814,1.5353,1.3122,0.73944,0.49162,3.2604,1.7746,4.1734,2.2237,1.0031,0.38753,6.6788,2.2168,8.3265,4.1178,1.1864,0.44148,9.7364,3.471,12.015,1.8682,0.78849,0.39092,5.4259,2.3694,6.7961,1.6876,0.88731,0.8966,2.2258,1.9019,2.8719,2.7435,1.0064,0.81171,3.5107,2.726,4.6198,1.9348,0.76468,0.40547,5.1961,2.5303,6.6577,7.2309,2.1763,0.97194,7.7137,3.3225,9.6788,1.7975,0.73124,0.53755,3.6477,2.4581,4.7042
15.696,4.248,1.213,13.611,3.6948,16.441,5.0388,2.122,0.93836,5.8641,2.3746,7.6311,1.7434,1.2217,0.47984,5.228,1.427,6.1794,2.5082,2.0324,2.3864,1.4845,1.2341,1.9027,4.866,3.5026,1.6175,3.9708,1.3892,5.1739,1.8335,1.4128,0.5165,5.1931,1.2978,6.2851,3.8208,1.6859,0.52747,8.8898,2.2663,10.44,2.9347,1.2866,0.35085,10.357,2.281,12.032,2.2335,1.0381,0.39025,7.2225,2.1515,8.3834,4.1864,2.2441,1.3704,3.8387,1.8655,4.6925,2.1725,1.4017,0.64515,4.4497,1.5499,5.5401,2.2878,1.2517,0.41935,7.2152,1.8277,8.4405,3.3397,1.8683,1.0004,4.0968,1.7876,5.2057,2.7554,1.4351,0.49276,7.3392,1.92,8.5041
2.4821,1.1674,0.50615,6.0675,2.1262,7.2103,4.4023,1.9918,0.68174,7.7551,2.2103,9.3791,1.6517,0.91094,0.40072,5.4921,1.8132,6.3951,5.7862,2.6822,1.0193,6.9775,2.1572,8.308,2.0836,1.4593,0.43945,6.9959,1.4278,8.0623,2.2211,1.4197,0.40338,7.9153,1.5645,9.0259,3.4048,2.5434,0.79837,6.8465,1.3387,7.4504,3.4233,2.6818,0.90222,6.3397,1.2765,6.7668,2.9632,1.6938,0.75459,5.5285,1.7495,6.1716,3.5007,1.8216,0.8013,5.9197,1.9218,6.6421,2.6024,1.4879,0.53447,6.6139,1.749,7.653,2.5442,1.4595,0.47362,7.4775,1.7431,8.4534,4.5803,1.6643,0.52227,9.9575,2.752,11.957,2.5577,1.2032,0.43457,7.5754,2.1257,8.6543
4.7468,1.5559,1.115,4.2699,3.0509,5.6525,30.409,6.1233,1.2432,24.127,4.9662,29.386,2.8747,1.1187,0.5964,5.3801,2.5698,6.6959,21.03,5.1532,1.5472,13.876,4.081,16.923,3.4994,1.7671,0.62359,6.5146,1.9803,8.4453,2.9522,1.6529,0.61027,5.9707,1.7861,7.546,2.3989,1.1367,0.2994,9.5336,2.1104,11.809,3.9034,2.5672,0.55275,9.6104,1.5205,11.706,2.5197,1.0626,0.38904,7.3244,2.3714,9.2081,4.9435,2.1506,0.52289,11.256,2.2987,13.567,6.3601,1.729,0.57032,11.001,3.6786,14.184,2.3879,1.1116,1.5422,1.7804,2.1482,2.2692,31.4,7.045,1.1223,29.044,4.4571,34.255,11.539,4.2775,3.911,3.2264,2.6976,4.0442
4.1143,1.2327,0.62711,6.7563,3.3376,8.5266,4.5773,1.5133,0.6015,7.8647,3.0247,10.126,1.4666,0.58166,0.27069,5.9526,2.5213,7.5667,1.9999,0.95995,0.76194,3.1257,2.0834,3.8847,1.9808,1.4629,1.6991,1.5342,1.3541,2.0267,3.0664,1.2289,0.38602,9.0088,2.4953,11.127,4.2723,1.8795,0.39521,13.203,2.2731,15.566,3.4577,1.6033,0.36497,11.537,2.1567,13.867,2.073,1.3452,0.84018,3.1832,1.541,4.0684,3.4834,1.6465,1.1671,3.4947,2.1157,4.3954,2.9603,1.1731,0.41238,8.0151,2.5234,10.023,2.1376,0.7876,0.31383,7.4747,2.7141,9.3212,6.3668,1.8759,0.61819,10.639,3.394,13.334,8.3484,2.572,1.1836,7.2522,3.2459,9.2262
1.5424,0.47258,0.2739,5.9871,3.2638,7.3565,3.9415,1.357,0.77381,5.0552,2.9045,6.8473,0.91201,0.47751,0.24435,4.5422,1.9099,5.6865,1.5619,0.88449,0.78225,2.3099,1.7658,3.1273,2.1933,1.0898,0.64372,3.9451,2.0126,5.1002,1.9259,1.0588,0.51337,4.6308,1.819,5.8139,2.5227,1.0274,0.68246,3.9507,2.4554,5.2018,2.368,1.5574,0.91526,3.3479,1.5204,4.2889,1.029,0.46199,0.26496,4.2642,2.2274,5.6273,3.8017,1.4176,0.84991,4.7066,2.6819,6.141,1.5916,0.78714,0.83101,2.0878,2.022,2.8625,0.51394,0.25872,0.12748,4.6676,1.9865,6.0612,4.9446,1.9031,2.1825,2.249,2.5981,3.1376,0.52082,0.22676,0.12614,4.3919,2.2968,5.9266
1.9651,1.0225,0.26462,8.8823,1.9219,11.291,10.931,3.621,0.76971,15.2,3.0188,18.906,2.032,2.1199,0.35975,9.0747,0.95853,11.541,2.3031,1.0256,0.26274,9.9905,2.2456,12.669,2.7093,1.3815,0.35384,9.0759,1.9611,11.561,1.5777,3.4808,0.36903,11.306,0.45324,13.708,2.362,6.1545,0.58577,11.989,0.38378,14.539,2.9092,5.6919,0.69706,10.235,0.51111,12.339,1.9107,2.8962,0.45723,8.6961,0.65972,10.513,2.4412,1.5362,0.3627,8.811,1.5891,10.966,2.3593,1.3395,0.27197,10.362,1.7613,13.601,1.8564,1.3317,0.23665,10.708,1.394,13.472,16.179,5.6764,1.1644,15.38,2.8503,18.77,3.3693,2.6116,0.466,10.227,1.2901,12.834
