241.08,72.197,11.255,1.3521,72.719,30.505,5.7468,0.56371,238.88,72.037,11.346,1.3532,232.75,69.482,11.046,1.3224,36987,10930,1712.3,194.48,243.5,65.391,10.952,1.2598,243.17,67.196,11.362,1.3346,246.37,69.183,11.135,1.3083,236.54,67.91,10.927,1.2917,230.81,69.054,10.926,1.3292,243.58,76.429,13.359,1.7377,242.55,72.708,12.304,1.5659,234.99,71.921,11.036,1.3115,240.04,73.789,12.194,1.5114
0.87981,0.70724,0.2623,0.064235,0.74654,0.50864,0.33232,0.09465,1.0297,0.77061,0.26343,0.070679,0.45545,0.43563,0.21781,0.078526,1.2602,1.2653,0.38752,0.10045,0.59055,0.69025,0.17744,0.050048,0.92104,1.371,0.2526,0.055695,1.0022,1.8018,0.26193,0.051236,0.92669,1.0621,0.2183,0.050024,0.89199,0.88516,0.28041,0.074551,0.72416,0.52887,0.17323,0.051725,0.33648,0.30266,0.10613,0.039854,0.99397,0.6598,0.49403,0.13945,0.9071,0.74546,0.2856,0.075072
2.1528,4.8303,0.48173,0.077969,1.5929,3.2052,0.51313,0.076747,1.7345,3.8242,0.48092,0.069875,1.3456,3.3617,0.48906,0.077845,1.9304,5.0096,0.72793,0.089904,2.0506,10.405,0.77681,0.075282,2.5156,20.516,1.0689,0.084656,2.2858,13.935,0.92179,0.08335,1.5742,6.3209,0.59316,0.073532,1.934,5.6856,0.72566,0.1204,1.1903,3.5714,0.51769,0.078353,1.6298,4.4229,0.54744,0.067232,2.0314,4.1971,0.56703,0.088192,1.713,4.3882,0.52663,0.091145
12.269,9.9588,1.7672,0.29489,2.9512,3.1318,0.49325,0.10864,1.2743,3.4959,0.52389,0.07588,1.6662,1.8658,0.38412,0.077249,5.7921,8.4252,1.2015,0.21579,1.4587,5.2935,0.49372,0.068945,1.9814,14.097,0.90193,0.074972,2.5723,16.121,0.99318,0.082789,9.0099,8.8258,1.4708,0.22563,1.6903,3.4398,1.3894,0.32936,2.5221,3.9744,0.60862,0.11694,3.8989,4.5703,0.63399,0.099428,3.946,6.0835,0.78975,0.1541,1.6969,4.4313,0.49912,0.088993
0.99059,0.53525,0.27043,0.070176,5.5122,1.3267,0.64263,0.14302,1.4159,0.67792,0.30015,0.071835,63.396,29.948,10.317,1.5502,0.92214,0.51552,0.45456,0.089011,1.6066,0.75984,0.312,0.062758,4.4246,2.0776,0.7413,0.13928,1.259,0.69326,0.27235,0.059403,1.2896,0.62167,0.27815,0.068719,1.109,0.64317,0.35818,0.093079,1.0557,0.54492,0.39919,0.10561,1.3775,0.65291,0.33801,0.079245,3.8838,1.154,0.58089,0.14193,2.3475,0.93805,0.54468,0.11972
2.9463,2.5451,0.74321,0.23226,0.66464,0.49682,0.15491,0.048237,0.82169,0.76169,0.18703,0.055227,0.68506,0.60064,0.16792,0.061484,0.71477,0.81399,0.76058,0.27987,0.89094,0.88028,0.2245,0.060885,1.5833,1.9333,0.29705,0.068487,0.92151,1.5434,0.20332,0.047154,1.1539,0.84668,0.28238,0.095112,1.0611,0.94696,0.8617,0.31388,0.72004,0.82573,0.26966,0.10356,0.93173,0.86574,0.19892,0.066364,0.70527,0.69275,0.22378,0.076533,1.3005,1.1505,0.32992,0.10726
1.7682,1.4157,0.54632,0.15221,0.76092,0.58145,0.2279,0.064221,0.48322,0.47018,0.15971,0.051144,0.66222,0.45394,0.1825,0.049391,1.6012,1.1985,0.76895,0.21377,0.76856,1.2328,0.27654,0.059441,1.0935,1.7645,0.29051,0.062329,0.75161,1.4052,0.23334,0.050363,0.77688,1.1122,0.33636,0.074685,1.2913,1.3012,0.86802,0.23212,0.69041,0.56737,0.25792,0.082743,0.67561,0.65508,0.18898,0.052605,1.7908,1.0008,0.39369,0.11114,1.0613,0.76924,0.29837,0.087844
1.9716,3.7425,0.39799,0.053003,2.332,4.7021,0.39958,0.066978,1.7652,3.7482,0.42764,0.048549,1.6819,4.0902,0.30706,0.049473,2.2745,6.5178,0.63996,0.11407,3.7789,11.977,0.85037,0.078156,4.461,19.945,1.1895,0.095548,3.6576,25.791,1.1559,0.076147,3.9708,16.03,0.94381,0.053246,2.2433,5.8408,0.52469,0.080952,4.5744,9.9242,0.91132,0.14595,2.0921,3.9151,0.43959,0.058401,2.1134,5.0781,0.7376,0.12247,2.1868,4.2197,0.41072,0.06463
1.892,0.74753,0.32913,0.094184,5.7604,1.7119,0.71734,0.22479,0.77418,0.30833,0.11656,0.042544,0.56708,0.28104,0.17898,0.074259,1.2442,0.48754,0.20717,0.06372,0.73388,0.40845,0.16198,0.044752,0.63266,0.35432,0.1472,0.048693,0.62097,0.3213,0.13159,0.042849,0.68996,0.35839,0.13771,0.041243,0.644,0.3987,0.1862,0.053139,0.67435,0.35622,0.16342,0.058298,0.98088,0.4207,0.16607,0.055945,1.4959,0.5946,0.21199,0.055245,0.75345,0.3071,0.11113,0.033793
0.81492,1.1,0.25952,0.05954,1.3737,1.5316,0.28732,0.081301,0.74534,0.76702,0.16493,0.044323,0.54565,0.77466,0.33675,0.11,1.4556,1.6178,0.34706,0.089469,0.87426,1.6226,0.31921,0.067961,1.0016,3.3019,0.34866,0.062426,0.79676,3.4357,0.27964,0.039058,0.80793,1.8708,0.24727,0.048009,0.94147,1.2861,0.43588,0.11018,0.60688,0.62137,0.24199,0.069205,1.8092,2.1849,0.45023,0.10639,0.93234,1.0476,0.25094,0.067729,0.87523,0.96121,0.22389,0.054017
1.9359,3.7674,2.5163,0.82315,1.6062,2.6449,0.5927,0.16381,0.95655,2.3446,1.0504,0.29817,1.1518,2.5564,0.80222,0.2863,1.6625,2.3755,0.47644,0.10767,1.0952,2.6524,0.42804,0.089058,1.5806,9.1093,0.7097,0.10924,1.8726,7.8301,0.62675,0.099444,1.3898,3.348,0.49562,0.12252,1.7726,2.9784,1.0611,0.37623,0.85608,2.1922,0.84058,0.23124,1.753,3.3777,2.635,0.79906,2.4135,2.8261,0.7598,0.2156,10.262,10.89,7.5263,2.2262
1.8841,1.0586,0.24505,0.062502,1.9257,0.91543,0.27953,0.070345,1.4181,0.94929,0.19201,0.063299,1.617,0.90591,0.27102,0.070908,1.9681,1.1993,0.55395,0.1315,2.0967,1.5705,0.32553,0.064904,2.4215,4.0861,0.48178,0.072324,2.0198,2.7597,0.38429,0.066615,115.49,55.265,13.662,1.7854,1.8885,1.1574,0.45854,0.091448,1.8471,1.234,0.31271,0.075935,2.9353,1.6005,0.30601,0.074112,15.38,5.2283,1.0287,0.22144,5.843,2.8342,0.73723,0.1555
2.0025,1.2736,0.2465,0.060638,29.919,18.901,3.1584,0.70128,1.7716,1.7889,0.23956,0.045887,1.7806,1.343,0.2243,0.04825,1.8436,2.4475,0.25326,0.049857,1.7119,2.7339,0.28662,0.062149,2.1227,4.1807,0.40515,0.048903,2.361,3.4368,0.37566,0.048626,1.4875,1.6139,0.24629,0.06017,2.0615,2.9221,0.3149,0.047256,1.429,1.5644,0.20613,0.043137,0.98231,1.0925,0.15843,0.035645,2.9656,2.1455,0.35004,0.074487,2.4021,2.0106,0.30451,0.069478
1.1428,0.49317,0.1651,0.042208,2.8132,0.97832,0.32692,0.080719,1.7142,0.6185,0.20879,0.047399,1.0793,0.43171,0.17335,0.049809,1.3532,0.564,0.19263,0.044848,1.0291,0.47534,0.1594,0.034241,1.5682,0.77938,0.28087,0.051342,1.3568,0.71521,0.26947,0.057008,1.0048,0.54174,0.2167,0.055552,1.1564,0.66084,0.20779,0.049398,1.4833,0.59446,0.18854,0.047311,2.8084,0.77147,0.21109,0.047766,4.1288,1.2503,0.41568,0.10404,5.0372,1.3414,0.45025,0.10561
2.9403,2.1164,0.36484,0.088482,6.9124,4.8578,1.0081,0.28962,2.7456,2.7644,0.36368,0.085434,2.8175,2.3719,0.66649,0.21655,3.4161,4.9587,0.58821,0.13253,5.7239,6.233,0.54962,0.094111,4.7861,8.6073,0.64841,0.090483,4.009,6.9134,0.53904,0.10259,4.5563,4.4798,0.50705,0.093112,4.2047,5.0478,2.3078,0.57295,3.5217,2.9911,0.54113,0.13081,4.3277,4.1851,0.51625,0.10884,7.7297,5.7861,1.0909,0.26241,5.2839,3.6167,0.51352,0.12389
1.048,0.65639,0.15454,0.046609,1.4596,1.0957,0.46015,0.117,0.77018,0.48403,0.10993,0.033071,3.7843,3.6427,0.96763,0.24067,0.86503,0.99924,0.32979,0.10982,0.72331,1.2501,0.24238,0.063335,0.45708,0.99674,0.12968,0.029056,0.53139,1.5155,0.14948,0.031928,0.71598,0.83294,0.14858,0.036259,0.90506,1.1873,0.27356,0.061734,0.31474,0.38081,0.16272,0.043177,0.35754,0.36348,0.088703,0.026579,2.6347,1.7673,0.81452,0.18857,0.67381,0.7014,0.11748,0.029156
0.90238,0.51299,0.29109,0.061308,1.3297,0.86534,0.3007,0.06899,2.5107,1.7064,0.6024,0.12104,0.75335,0.56002,0.25641,0.066018,1.1497,0.72017,0.27025,0.051307,0.8791,0.60352,0.27902,0.042126,0.86468,0.99183,0.45888,0.050437,0.99435,2.1498,0.59336,0.062535,0.82248,0.98949,0.3992,0.064169,0.93239,0.89379,0.46167,0.11116,0.81353,0.53403,0.41087,0.10352,0.7705,0.55839,0.30663,0.067632,3.6405,1.6746,0.85639,0.19898,0.90122,0.68417,0.51647,0.12561
3.2914,2.7128,0.38896,0.060844,1.8682,1.243,0.23194,0.042416,1.9003,2.0151,0.24845,0.033598,6.1829,4.3775,0.7028,0.10251,1.7159,1.324,0.32524,0.053142,1.8257,2.6999,0.33627,0.047077,2.0591,8.2177,0.41884,0.038378,2.287,8.0902,0.38387,0.042206,1.8486,1.9542,0.29174,0.044525,1.7641,1.4948,0.47591,0.075402,1.0596,1.2999,0.42667,0.069761,1.5109,2.1061,0.22145,0.029735,1.9145,1.602,0.25307,0.045092,2.2866,2.3282,0.27928,0.043828
2.523,0.97863,0.31186,0.084326,3.7943,1.2611,0.53808,0.16175,0.63934,0.34824,0.1666,0.036271,0.69744,0.38907,0.20422,0.065105,0.83493,0.91282,0.3132,0.088508,1.0217,0.78453,0.23232,0.055451,0.91135,0.81668,0.31017,0.086326,1.0434,0.78927,0.30191,0.077264,0.98442,0.6276,0.23139,0.064305,0.96177,0.6816,0.23426,0.050375,0.89668,0.46719,0.20101,0.056732,0.55127,0.27699,0.11808,0.03449,1.1989,0.61352,0.24242,0.069856,1.7168,0.79695,0.24863,0.063654
1.0485,0.53769,0.22675,0.049728,1.5585,0.8023,0.37455,0.10059,1.4593,0.57348,0.27468,0.063076,0.72063,0.39912,0.17844,0.046619,1.2661,0.65247,0.33777,0.077124,0.99759,0.70452,0.29347,0.063987,1.552,1.0298,0.39167,0.086047,1.0509,1.0134,0.38837,0.098269,0.86748,0.68459,0.20523,0.052451,0.94995,0.66445,0.43976,0.10571,0.98955,0.51028,0.20323,0.054878,1.2241,0.62317,0.32118,0.069448,1.1239,0.53344,0.22858,0.05783,1.0606,0.61946,0.23865,0.058729
5.0321,13.311,0.634,0.095338,3.2296,8.2368,0.4345,0.076267,4.5958,7.6612,0.54182,0.072442,3.3917,6.7736,0.62597,0.14241,4.0256,6.6153,0.46922,0.060314,6.7268,19.187,0.66876,0.07174,6.9138,22.235,0.70818,0.084833,7.1721,22.063,0.72046,0.063812,5.1653,12.597,0.61069,0.077206,4.2672,7.7012,0.52014,0.063531,4.452,5.276,0.61308,0.09469,5.1162,9.9703,0.9256,0.11484,20.481,28.806,2.4351,0.43593,16.166,23.407,1.9961,0.37134
0.86849,0.40489,0.19113,0.036472,1.2303,0.54727,0.26809,0.057247,0.72897,0.41418,0.2291,0.063255,1.1642,0.52212,0.2564,0.063614,0.55021,0.36898,0.18223,0.048906,0.4843,0.36896,0.1808,0.026799,0.72012,0.56317,0.25266,0.034299,1.0027,0.74825,0.30377,0.034976,2.4682,0.91538,0.40592,0.080421,0.8672,0.48941,0.21569,0.041673,0.41888,0.25376,0.14603,0.035549,0.81672,0.42765,0.20594,0.036388,0.93557,0.39365,0.21577,0.048875,2.3011,1.0424,0.44707,0.098053
1.0492,0.79176,0.18487,0.040493,1.4462,1.2986,0.20594,0.047175,0.84482,0.66979,0.17275,0.041633,0.99707,1.0247,0.17191,0.038949,1.3285,2.2486,0.22525,0.036124,1.1781,1.629,0.36483,0.048401,1.8247,1.4245,0.37359,0.067091,1.9931,1.7302,0.37345,0.073229,2.5826,3.4693,0.72361,0.090092,0.80395,1.1567,0.21011,0.043816,2.1167,1.5366,0.28974,0.057638,0.65554,0.50073,0.13883,0.03291,1.2131,1.0674,0.21687,0.039362,1.0694,0.78728,0.19658,0.053663
0.95935,0.96564,0.2479,0.065919,0.73591,0.65189,0.26523,0.075046,0.61409,0.57463,0.15384,0.057172,0.81496,0.47223,0.20251,0.073012,0.6645,0.8114,0.34268,0.094901,0.62332,0.73107,0.1445,0.041549,0.76688,1.1918,0.21916,0.058779,0.91486,2.1455,0.23296,0.06476,0.7424,0.99017,0.19482,0.058233,0.59067,0.60716,0.20616,0.066308,0.43637,0.50572,0.20825,0.076226,0.50013,0.52733,0.14879,0.055093,0.68211,0.53315,0.24517,0.075491,0.82461,0.84134,0.21301,0.062706
6.1836,2.6712,0.87193,0.18891,1.327,0.71793,0.32241,0.097314,1.4753,0.83981,0.31682,0.087256,1.1355,0.67854,0.39656,0.11449,1.4379,1.2543,0.63942,0.15983,1.7995,1.4315,0.55948,0.124,1.3884,1.369,0.43975,0.080354,1.6266,1.5446,0.47308,0.11534,1.4406,1.2851,0.46104,0.11796,1.2148,1.038,0.59987,0.1772,2.0502,1.1458,1.2694,0.41448,1.5663,0.81833,0.32524,0.096196,1.3084,0.87097,0.56307,0.188,8.7276,2.7894,1.2771,0.34693
3.8572,1.098,0.53024,0.16464,4.1778,1.5275,0.6066,0.16419,1.3476,0.65712,0.20198,0.054889,1.1265,0.69508,0.40265,0.11294,2.6393,0.96563,0.24839,0.06309,3.6034,1.3599,0.30379,0.072808,4.0041,2.7448,0.40319,0.082362,2.8388,2.4869,0.31283,0.063402,3.8171,1.5032,0.29892,0.065667,3.2013,1.1033,0.27208,0.059841,1.2069,0.85344,0.39266,0.11444,1.4649,0.70232,0.22526,0.063853,3.9159,1.299,0.47463,0.12279,9.4913,1.9671,0.80097,0.22999
1.5866,0.82039,0.2716,0.071497,7.7513,3.7747,1.568,0.4309,2.1086,0.87134,0.29112,0.083851,1.1778,1.1376,0.44583,0.14882,1.9632,1.7589,1.0746,0.29606,1.5084,1.3757,0.38756,0.059441,1.2829,1.5013,0.4054,0.057839,1.1688,1.6078,0.45685,0.058925,1.0381,0.72799,0.25023,0.055221,4.3318,2.2473,1.3714,0.40253,1.0847,1.0158,0.51252,0.1485,3.3197,1.3879,0.48536,0.1189,1.6458,1.5055,0.60918,0.12495,2.0615,0.89795,0.28629,0.062612
21.456,11.294,3.3087,0.86742,138.61,55.325,15.396,4.1409,1.6764,0.80141,0.26667,0.065317,1.6889,0.80798,0.26803,0.070527,1.6162,0.82753,0.26184,0.069601,1.7307,1.0294,0.28051,0.06313,1.9919,2.0043,0.34819,0.069243,2.1314,1.9434,0.35262,0.076549,1.6386,0.92826,0.26639,0.068448,2.2034,1.0737,0.36475,0.091857,1.5679,0.79612,0.30643,0.086541,2.7463,1.149,0.34183,0.090742,2.2478,1.1139,0.36705,0.094004,5.0266,1.4617,0.48389,0.12469
6.9841,2.8261,0.68869,0.20251,1.9658,1.1401,0.27954,0.084161,1.1237,0.81474,0.21058,0.047756,1.0568,0.79194,0.20649,0.060361,1.8878,1.2366,0.52875,0.12586,1.7322,1.3577,0.31473,0.080326,1.9598,2.2987,0.39345,0.08333,2.3423,3.6247,0.46365,0.09409,1.696,1.3208,0.30468,0.079155,1.813,1.2149,0.34223,0.084632,0.62882,0.51367,0.16577,0.049991,0.86499,0.69579,0.17359,0.042658,1.5776,0.89825,0.25955,0.075837,4.7289,1.8322,0.44493,0.1231
0.57367,0.33138,0.28799,0.090222,1.6644,0.84437,0.41783,0.11852,0.57867,0.27446,0.15989,0.047665,3.2476,1.247,0.53132,0.14728,1.0568,0.82305,0.49028,0.12937,0.68628,0.95534,0.43392,0.12295,0.75929,1.5254,0.78288,0.25882,0.63308,0.64202,0.36195,0.10594,0.55152,0.61389,0.33413,0.095815,1.7203,0.95517,0.44234,0.11178,0.75626,0.4261,0.20979,0.065646,1.0732,0.58709,0.2222,0.066734,1.2202,0.58196,0.28705,0.08595,1.1012,0.53596,0.36997,0.10782
0.84215,0.54922,0.22746,0.056022,0.81458,0.46693,0.20416,0.064096,0.9644,0.59586,0.30946,0.090396,0.76304,0.51045,0.25087,0.079588,28.296,11.147,3.5601,0.75197,0.95088,0.7689,0.32531,0.089383,2.1974,1.7603,0.52011,0.12449,0.84007,1.2417,0.28161,0.062327,0.72158,0.58654,0.2599,0.071219,0.8391,0.70365,1.2316,0.29028,0.89292,0.563,0.21224,0.066196,1.3476,0.73032,0.33168,0.075929,1.3542,0.52302,0.2252,0.07036,1.0641,0.75531,0.29445,0.063676
0.75665,1.1137,0.14933,0.041564,0.61679,0.55698,0.17514,0.0531,1.2933,1.0426,0.25043,0.074098,0.54586,0.48987,0.15636,0.044604,1.0947,1.3487,0.59638,0.14459,1.1738,1.7061,0.22583,0.054763,2.9196,2.9493,0.408,0.098754,0.91854,1.8269,0.21369,0.052293,0.92734,0.79436,0.23107,0.06961,1.1676,1.4558,1.2726,0.29132,0.8574,0.60977,0.17282,0.052854,1.0767,1.3237,0.19696,0.051578,1.0379,0.90754,0.23709,0.068768,0.71114,1.296,0.14782,0.044557
0.64587,0.60645,0.12733,0.049387,0.45721,0.45198,0.12041,0.045759,0.4627,0.3819,0.09757,0.040082,0.41832,0.66662,0.12182,0.049419,0.41642,0.54993,0.13301,0.051995,0.48183,0.52879,0.16995,0.050932,0.63218,0.52005,0.14522,0.048098,0.37469,0.29126,0.09225,0.030933,0.531,0.52824,0.13236,0.043998,0.43677,0.45034,0.12435,0.047291,0.38606,0.54668,0.1423,0.057642,0.63167,0.63076,0.14386,0.052959,0.53682,0.54903,0.28809,0.10409,0.69153,0.63415,0.16157,0.060115
0.57258,0.27694,0.1908,0.058686,0.8847,0.44316,0.2823,0.080828,0.53315,0.25839,0.13775,0.035764,0.47202,0.31156,0.20074,0.057498,0.86922,0.45241,0.22102,0.049047,0.52502,0.45872,0.22367,0.043031,0.68602,0.5359,0.2894,0.0478,0.60372,0.434,0.22488,0.043692,0.39388,0.29493,0.18606,0.03943,0.55118,0.36738,0.22804,0.056208,0.41888,0.277,0.19755,0.059045,1.0923,0.62856,0.28871,0.080228,0.5856,0.3122,0.21797,0.060188,0.6448,0.2987,0.24056,0.072058
1.6973,2.034,0.28351,0.062056,1.1358,1.7361,0.22244,0.04915,0.80445,1.2689,0.19149,0.04173,0.90648,1.4743,0.24743,0.058328,2.1196,2.5899,1.2418,0.3037,1.2387,2.3614,0.36338,0.068613,3.0343,6.9244,0.67927,0.12414,1.1092,6.7852,0.40361,0.049863,1.1464,2.2066,0.31809,0.0495,0.9317,1.6725,0.47245,0.11729,0.62399,1.6187,0.29272,0.069715,0.89477,1.7641,0.20787,0.040775,1.2828,2.1083,0.29118,0.067811,1.4936,2.1905,0.36763,0.080385
0.74931,0.30879,0.12305,0.040326,1.0472,0.41742,0.14689,0.046504,97.745,43.547,12.706,1.921,1.952,0.79338,0.26791,0.067682,1.1217,0.60202,0.2548,0.080808,1.2388,0.58089,0.18265,0.045967,1.3853,0.80307,0.23039,0.052044,1.4994,0.65827,0.21173,0.052406,1.606,0.55597,0.19174,0.056237,1.2502,0.48086,0.18105,0.056634,1.2351,0.51889,0.19548,0.059289,1.8424,0.61897,0.19646,0.04942,1.535,0.63245,0.21701,0.067292,1.8839,0.64978,0.22281,0.068467
2.4408,0.82224,0.22731,0.079486,1.8742,0.76607,0.22023,0.079859,1.0569,0.60373,0.13961,0.050264,1.3433,0.6641,0.20056,0.07638,1.0359,0.53286,0.2599,0.085729,1.2608,0.60353,0.2214,0.073478,1.4126,0.68217,0.20424,0.067663,1.3502,0.76613,0.22388,0.077748,1.0885,0.57214,0.16683,0.060426,1.2106,0.62004,0.26651,0.091085,1.3463,0.75886,0.22955,0.079887,1.5478,0.77226,0.18775,0.067869,2.6106,0.85873,0.2989,0.10619,2.7168,1.0572,0.28065,0.079224
1993.3,995.33,342.86,56.943,12.773,6.7568,2.3897,0.43137,12.781,6.5555,2.2899,0.40095,8.1118,4.5351,1.6455,0.31903,11.998,6.2884,2.2236,0.40082,12.299,6.4282,2.2239,0.38633,13.183,6.8539,2.3833,0.41221,13.179,6.3501,2.2843,0.38267,12.672,6.0681,2.1835,0.3775,13.368,6.4325,2.5229,0.45146,12.628,6.1998,2.2388,0.39422,13.495,6.5587,2.3372,0.4145,13.566,6.6201,2.5556,0.45614,13.364,6.5165,2.3441,0.40947
5.6155,2.577,1.1399,0.26319,6.1709,2.4795,1.0632,0.23208,733.2,322.14,109.99,18.852,16.674,6.2701,2.4567,0.49652,2.6116,1.3682,0.6843,0.17798,5.4611,2.8848,1.0084,0.19257,5.4629,3.2664,1.1179,0.19132,5.9739,3.1158,1.1045,0.21539,5.4833,2.6911,1.0255,0.18942,5.5491,2.779,2.4263,0.58178,5.6068,2.5315,1.1705,0.24976,5.336,2.5172,0.91598,0.18844,6.5617,2.7319,1.2008,0.26763,5.871,2.5348,1.2467,0.28896
2.4353,1.9819,0.57917,0.11355,4.2027,2.3267,1.1742,0.33847,1.4781,1.7036,0.48878,0.10578,1.2833,1.3998,1.3892,0.41274,1.4096,1.3308,0.87441,0.21476,1.0972,1.3627,0.40742,0.068413,2.9119,3.4428,0.67029,0.1127,1.0895,2.5489,0.35197,0.054719,1.2639,1.7429,0.43086,0.063759,1.7446,2.3498,1.8399,0.51741,1.3502,1.9207,0.97879,0.26304,1.5303,1.4754,0.3991,0.074383,1.5582,1.3765,1.1387,0.30267,2.1778,2.0586,0.61438,0.12527
0.86114,0.99163,0.25994,0.04572,0.80914,0.72584,0.24811,0.064104,1.2568,1.4205,0.36951,0.073788,0.67431,0.87018,0.35265,0.087628,0.57556,0.62304,0.25735,0.051394,0.55097,0.59349,0.19894,0.03888,1.1606,2.655,0.57713,0.062008,1.2526,6.4636,0.90427,0.075544,0.85957,2.0369,0.46929,0.059932,1.0388,1.2605,0.39415,0.065276,0.65344,0.75815,0.26954,0.056047,1.3247,1.0439,0.33232,0.055928,1.0944,1.0362,0.35443,0.074408,1.4391,1.2974,0.38435,0.063443
3.2799,4.4374,0.815,0.59975,6.9617,12.717,1.0439,0.32344,1.0749,2.0913,0.21924,0.066219,1.7209,2.5674,0.35494,0.11533,1.1768,1.5932,0.20607,0.06395,0.91652,2.401,0.17855,0.037786,0.96389,4.6353,0.20344,0.038073,1.7757,17.993,0.34697,0.06374,3.0696,4.7579,0.43527,0.13683,1.5249,2.7321,0.23907,0.049935,1.4035,1.8955,0.23946,0.08282,1.2935,2.0879,0.20743,0.054786,1.7231,2.0351,0.22834,0.055418,1.9056,3.307,0.54975,0.15259
1.1855,1.442,0.2447,0.06525,6.5927,4.758,0.99529,0.1618,1.1418,1.0208,0.21873,0.055841,1.044,1.1899,0.23774,0.065204,0.97351,1.2955,1.1579,0.41418,1.5922,3.0998,0.37748,0.076627,2.6268,6.561,0.43367,0.076834,1.8576,5.314,0.34366,0.068198,1.5466,1.6524,0.42551,0.11224,6.0383,3.0936,1.0271,0.24273,0.96434,0.9013,0.20149,0.059048,1.8451,1.458,0.31454,0.066945,2.8072,2.687,0.49258,0.11583,4.3036,3.6846,0.74406,0.19587
0.85802,0.40346,0.26224,0.065763,1.3455,0.67861,0.47001,0.13182,0.49467,0.3563,0.1845,0.046069,0.5513,0.37199,0.3208,0.088723,0.91179,0.64236,0.50787,0.12007,0.74954,0.74975,0.36983,0.080816,0.69904,0.66082,0.31766,0.067375,1.321,1.2628,0.61878,0.14883,0.69277,0.55576,0.27732,0.063564,0.79283,0.5837,0.3467,0.069649,0.74224,0.52852,0.32059,0.085192,0.44286,0.27803,0.1467,0.047305,2.4977,1.0195,0.65632,0.14651,0.40409,0.23889,0.12732,0.041424
1.0874,1.1912,0.24738,0.05808,4.2889,2.9393,0.40033,0.089522,1.074,1.4967,0.24879,0.060952,1.2298,1.2174,0.18424,0.051743,1.3846,1.1946,0.20387,0.053964,0.93397,2.2921,0.24064,0.04288,1.3898,5.4523,0.38516,0.05981,1.2195,4.8046,0.36434,0.051459,0.95663,2.2416,0.27221,0.046842,1.4575,2.015,0.2918,0.053837,0.74255,1.001,0.23326,0.06689,1.0068,1.3196,0.19243,0.050093,4.0162,2.4405,0.35782,0.079382,1.523,1.8347,0.41458,0.10945
3.326,1.1956,0.50752,0.13235,12.722,3.4763,1.1847,0.32942,1.6503,0.63978,0.35956,0.10943,2.9213,1.0628,0.52409,0.15082,1.9154,0.74551,0.34313,0.094602,1.6999,0.77507,0.3361,0.087854,3.16,1.2113,0.48568,0.11139,2.2628,0.98175,0.40668,0.10441,2.1667,0.89562,0.3624,0.099444,1.6972,0.68911,0.32172,0.091418,4.1091,1.27,0.6906,0.24299,10.278,2.4759,1.06,0.31411,7.0664,2.172,0.90416,0.23625,3.4818,1.272,0.70238,0.2181
2.2686,0.98478,0.6609,0.22404,8.2736,4.0125,3.1101,1.0256,1.7254,0.84477,0.47654,0.17078,3.6382,1.9683,1.7132,0.73195,21.642,9.1564,4.5348,1.528,1.8041,1.1979,0.71046,0.25211,2.6071,1.4462,0.61633,0.17495,2.0037,1.3682,0.54689,0.15206,2.314,1.5686,0.78203,0.25914,2.3987,1.5941,1.4737,0.53576,5.1336,2.1438,1.2429,0.42619,1.9498,0.93455,0.47308,0.16722,9.1941,3.6058,2.1177,0.68412,2.3277,1.0098,0.54063,0.15797
6.8016,4.2007,0.62217,0.10662,9.2588,7.1082,1.4518,0.24466,2.6577,3.1988,0.47129,0.068746,3.3959,3.4614,0.67233,0.11575,3.6021,3.6955,0.68353,0.087711,3.1845,6.3697,0.73741,0.097849,3.2411,7.5663,0.8065,0.085826,3.5974,8.0002,0.78484,0.081388,2.5297,4.9722,0.59664,0.086184,3.2166,3.6065,0.61969,0.088018,3.3564,3.3781,0.61241,0.11209,2.6793,3.1749,0.49945,0.077034,9.088,7.6102,1.2893,0.25185,2.6627,3.2864,0.46008,0.083861
14.67,5.9666,1.9386,0.44056,7.3311,2.8319,0.76431,0.18268,1.5647,1.1988,0.3973,0.072803,2.3231,1.2472,0.42061,0.10439,2.0318,2.085,0.38594,0.093191,1.5013,1.3737,0.39551,0.087305,2.5128,1.8197,0.73073,0.14286,2.9568,2.3751,0.74605,0.1328,1.7354,1.0689,0.36699,0.092896,1.613,1.6888,0.5985,0.14427,5.2448,1.9,0.60587,0.15823,1.8088,1.0979,0.32704,0.071011,6.4738,2.9327,0.89645,0.2022,3.4067,1.6592,0.47243,0.10984
4.9316,0.82114,0.7078,0.17853,3.7581,1.3844,1.2454,0.25927,2.7341,0.55957,0.41064,0.10403,18.349,8.9605,3.6896,0.63903,1.5879,0.8503,2.1002,0.52625,1.8966,0.68267,0.44952,0.11155,4.7341,1.7061,0.78993,0.15629,1.791,0.7485,0.44628,0.10476,1.5152,0.50505,0.37063,0.10429,2.112,1.0478,1.709,0.44717,1.7836,0.71085,0.847,0.2078,2.74,0.59206,0.49251,0.11703,4.3369,1.5217,1.3201,0.32892,3.1743,0.58629,0.51771,0.13607
4.692,1.4915,0.43598,0.098785,3.4026,1.228,0.35736,0.094536,1.402,0.62541,0.20591,0.060571,1.6993,0.70829,0.25266,0.072388,1.5461,0.89306,0.36547,0.12085,1.6305,0.86523,0.25522,0.057574,3.7051,1.7477,0.3745,0.069265,2.0333,1.1048,0.27962,0.059217,1.3995,0.65113,0.19695,0.053415,3.1277,1.4283,0.67633,0.18977,1.8431,0.92188,0.33237,0.080183,1.8572,0.78119,0.27124,0.070759,2.8925,1.0774,0.38186,0.097976,1.7934,0.71266,0.22314,0.058927
2.4482,0.86935,0.77642,0.10419,5.4233,2.0311,0.68763,0.1926,1.1642,0.4663,0.18783,0.047458,2.6856,1.0141,0.41484,0.11275,1.7733,0.90566,0.42011,0.11598,1.7165,0.84997,0.39553,0.097855,2.3071,0.94632,0.35238,0.086485,1.4789,0.71127,0.28897,0.074985,1.8396,0.88028,0.39684,0.11882,1.8331,0.95247,0.41574,0.11325,3.1786,1.2425,0.43,0.11898,1.4696,0.63546,0.27549,0.080311,6.9223,2.4616,0.84715,0.21641,2.8167,0.95027,0.36483,0.10543
1.8449,2.2296,0.34919,0.041265,3.8528,4.0119,0.57618,0.10178,1.7737,2.0503,0.3898,0.049975,2.2618,2.8397,0.37487,0.06446,2.6327,3.8882,0.48871,0.067183,2.8362,5.0452,0.65103,0.064686,8.1604,7.5206,1.6286,0.18495,4.1697,6.6454,0.80419,0.081391,3.2565,6.213,0.70346,0.064111,2.4002,4.3146,0.47158,0.063609,2.3357,2.9993,0.40034,0.064051,2.3029,2.291,0.44041,0.062155,3.4351,3.3169,0.55856,0.10847,2.2105,2.1662,0.3704,0.059141
2.6538,0.85059,0.93129,0.32588,15.152,3.4206,1.912,0.5893,1.1275,0.33428,0.22423,0.076809,2.6365,0.60474,0.3501,0.12283,1.5017,0.5926,0.26559,0.084405,1.2236,0.5776,0.25749,0.074274,1.3583,0.52121,0.25338,0.078853,1.9174,0.60547,0.25244,0.082044,1.0917,0.44091,0.2219,0.068919,1.325,0.62806,0.33995,0.095384,1.401,0.47013,0.31509,0.098125,1.6916,0.48368,0.23366,0.076355,5.8979,1.7494,1.1671,0.33266,2.5066,0.94435,0.93172,0.28732
1.3403,0.65366,0.26436,0.066996,2.5269,1.271,0.54133,0.16777,1.7769,0.93321,0.43968,0.12255,1.2716,1.0864,0.99466,0.39736,2.0961,1.1117,0.3273,0.078592,1.902,1.4316,0.45072,0.10117,2.1952,1.5809,0.45412,0.10267,2.2389,1.7339,0.37049,0.064629,1.9053,1.6962,0.5517,0.13935,2.3518,1.4572,0.46357,0.11917,1.1043,0.70163,0.24556,0.061079,1.5217,0.89236,0.28043,0.068754,1.5852,0.82432,0.30346,0.084846,1.4253,0.74285,0.24727,0.055697
3.917,1.7988,0.75125,0.17522,8.0235,3.3911,1.0974,0.25465,1.7156,1.1213,0.45844,0.099079,2.7524,1.5075,0.55375,0.13478,1.6573,1.3465,0.46533,0.11008,1.534,1.3428,0.4991,0.12283,3.0246,1.9267,0.58481,0.11432,2.532,1.517,0.51825,0.094275,1.6725,1.1832,0.40586,0.087757,2.1544,1.7344,0.61293,0.1553,3.7834,1.996,0.75074,0.19012,2.1564,1.5361,0.76215,0.17025,9.2901,3.9261,1.3172,0.30121,19.611,9.9643,3.5648,0.69008
8.8089,3.1829,0.93298,0.21049,43.712,31.223,3.9106,0.85143,3.3554,2.143,0.39643,0.11267,17.847,12.988,2.1233,0.38896,12.17,6.2591,1.5987,0.44178,11.313,3.8302,1.376,0.35925,37.402,11.863,2.984,0.38309,5.2747,2.0852,0.97546,0.19527,20.141,12.638,2.8929,0.59709,12.545,6.5188,1.5757,0.25765,20.851,10.332,1.9865,0.47002,9.163,3.655,1.0772,0.29029,47.728,44.928,5.7922,1.3553,55.412,30.956,7.1911,1.0567
3.4261,1.9946,0.83634,0.25752,13.126,6.0049,1.6251,0.42529,1.6643,1.6881,0.29525,0.060455,5.9218,2.9341,0.55847,0.15062,1.8054,2.4951,0.26924,0.06255,1.492,2.1325,0.26082,0.051558,2.0395,2.4269,0.363,0.057989,2.9902,4.0346,0.54601,0.08632,1.4022,1.2312,0.30028,0.083946,2.2198,3.3601,0.43451,0.10894,1.9522,1.5972,0.34371,0.091547,0.83904,0.73531,0.1908,0.050667,8.055,4.8502,0.99236,0.22868,2.1191,2.3667,1.3141,0.386
1.9429,0.73403,0.26677,0.071157,4.0665,1.3899,0.35455,0.091302,1.285,0.62799,0.18941,0.052747,1.918,0.75657,0.21835,0.062923,1.1313,0.67994,0.1772,0.054374,0.95747,0.52314,0.18296,0.049187,3.0144,1.1282,0.3895,0.074589,1.9359,0.74529,0.2442,0.057068,0.83084,0.50365,0.21568,0.07247,1.5019,0.92019,0.25852,0.081631,2.2125,0.8135,0.26629,0.084027,1.3152,0.6353,0.22047,0.063828,6.0079,1.8789,0.56826,0.1539,1.8446,0.7424,0.27918,0.07875
2.9216,1.0215,0.25114,0.075705,6.633,3.1229,1.002,0.29477,2.671,1.4767,0.43188,0.13548,3.2471,1.6129,0.84925,0.31879,3.3694,2.578,0.53423,0.15497,3.232,2.1438,0.45718,0.14307,3.0711,2.6856,0.52505,0.1256,2.6026,2.3437,0.4839,0.124,2.7217,1.9271,0.40116,0.11092,3.9565,1.8549,0.53718,0.1611,4.0966,2.1616,0.74387,0.26729,2.4827,1.5263,0.33166,0.11147,10.935,4.761,1.4278,0.41071,3.0874,1.2741,0.31364,0.094623
0.63095,0.27465,0.13584,0.040274,2.6087,0.90361,0.43693,0.12247,0.49001,0.24292,0.098021,0.031472,0.57796,0.33802,0.16704,0.05197,2.6935,1.3393,0.61558,0.15172,0.75187,0.51556,0.17477,0.044232,0.78258,0.44883,0.1487,0.033984,0.97202,0.67589,0.18416,0.037741,0.5353,0.311,0.10933,0.031628,1.0607,0.75362,0.20491,0.046536,0.66159,0.35963,0.22089,0.059761,0.38951,0.21262,0.10255,0.030896,4.2473,1.5361,1.3648,0.33049,0.60203,0.23778,0.14065,0.040459
2.4311,0.84888,0.31757,0.075729,12.3,3.0362,0.7851,0.178,1.2756,0.5263,0.23655,0.064039,4.5043,1.2421,0.44409,0.11569,2.5034,1.182,0.35698,0.068561,1.5465,0.84389,0.34245,0.069923,2.3713,1.1765,0.46686,0.089935,2.117,1.0947,0.44865,0.080229,1.2622,0.80507,0.31052,0.07625,4.48,1.5909,0.46703,0.10622,4.7195,1.3173,0.61428,0.14294,1.2004,0.58759,0.28289,0.072037,17.279,3.8228,1.2856,0.28663,3.7949,1.3849,0.73918,0.18851
4.3591,1.4665,0.50146,0.079939,6.0375,1.9086,0.67167,0.1362,2.0296,0.88378,0.28824,0.077215,3.5102,1.2027,0.36861,0.078981,2.6147,1.0405,0.46091,0.082089,3.6719,1.9141,0.63128,0.13445,6.1664,2.9156,0.56348,0.063552,3.9121,2.1227,0.46771,0.059064,3.0632,1.6807,0.79044,0.15323,2.6914,1.4563,0.88782,0.17209,2.4554,1.0181,0.52539,0.1058,1.8643,0.92106,0.24258,0.04321,6.2439,2.3035,0.96344,0.20818,2.8598,1.1534,0.55515,0.099424
0.69871,0.29141,0.11897,0.041359,6.4825,2.7185,0.8337,0.21287,0.67634,0.37299,0.13918,0.031717,1.0557,0.54094,0.18297,0.05007,1.5133,1.0523,0.25275,0.067491,0.85835,0.65591,0.19589,0.046337,1.1638,0.80617,0.25781,0.056192,1.3526,0.96448,0.29047,0.064948,0.38965,0.26342,0.12161,0.039675,1.4521,1.6113,0.48407,0.10653,1.1007,0.62957,0.25501,0.080934,0.39617,0.19806,0.089104,0.029384,4.0446,2.198,0.6435,0.16686,1.3501,0.64617,0.19305,0.045988
2.0961,0.83276,0.31055,0.062016,6.0814,2.0022,0.66158,0.13989,1.422,0.65731,0.27485,0.058736,2.5619,0.99771,0.37317,0.09437,3.5861,1.4632,0.73736,0.22653,2.293,1.0299,0.44612,0.10833,2.932,1.37,0.54651,0.12644,2.2468,1.2852,0.53544,0.13723,1.7918,1.0214,0.43161,0.10591,2.6027,1.2031,0.50226,0.14245,3.5219,1.2533,0.49355,0.1286,3.1581,1.0937,0.42715,0.099104,5.256,1.9947,0.6517,0.15865,2.4234,0.9039,0.3675,0.090119
5.0408,2.627,0.53773,0.092949,12.847,6.1742,0.94037,0.20191,6.1161,2.9802,0.68887,0.087884,4.5832,2.6324,0.47595,0.10155,4.75,3.2419,0.48156,0.078232,4.2246,3.5189,0.60907,0.098446,6.2926,5.1983,0.66854,0.099008,5.4859,5.1839,0.59339,0.078948,3.0893,2.5482,0.45581,0.10969,5.5601,4.3773,0.51958,0.080777,3.4386,1.9704,0.36378,0.092043,6.4163,3.4138,0.87823,0.12428,8.0245,3.7417,0.56836,0.11966,3.7396,2.0191,0.44305,0.081155
4.8756,1.9837,0.64286,0.12353,8.4177,3.1083,0.90998,0.19549,510.7,218.84,57.081,8.7159,5.4919,2.3209,0.69971,0.13955,4.2385,1.9377,0.59836,0.1322,4.0727,1.866,0.63618,0.12374,7.2209,3.3363,0.82614,0.1102,5.3612,2.4649,0.73066,0.10657,3.8172,1.7365,0.53842,0.10676,4.0889,1.8385,0.54426,0.10793,5.8894,2.3631,0.69113,0.14397,4.5602,2.0588,0.64935,0.11492,10.312,3.6243,0.94756,0.19952,4.3417,1.8456,0.55172,0.10653
1.644,0.70428,0.16786,0.030039,2.4021,1.2247,0.25984,0.055002,2.1473,1.0202,0.25498,0.052239,1.2211,0.71509,0.17013,0.035285,1.3121,1.1508,0.1992,0.037085,2.4498,1.3226,0.27913,0.043067,4.3664,1.8393,0.48862,0.08931,3.6402,1.9974,0.37823,0.047232,3.9455,1.976,0.4425,0.052708,1.4634,0.8673,0.20864,0.037014,1.0049,0.59658,0.15733,0.032372,1.0827,0.54708,0.14251,0.028266,2.0438,1.0311,0.23624,0.048214,1.879,0.88469,0.21371,0.045757
1.2969,0.59477,0.24517,0.069448,2.6033,1.2503,0.65217,0.18004,2.0613,1.1955,0.4669,0.10518,1.056,0.58218,0.65999,0.25785,3.1802,1.2866,0.6069,0.18905,1.0449,0.60273,0.22125,0.069799,12.865,6.611,2.0927,0.38184,1.5598,0.96854,0.27221,0.069406,0.82499,0.5264,0.1757,0.051278,0.84444,0.4893,0.21896,0.07607,1.3367,0.58951,0.36112,0.13058,0.72387,0.36972,0.18887,0.073021,2.0636,0.95268,0.42809,0.14624,1.6373,0.64834,0.28938,0.089156
10.049,3.4984,1.8934,0.66847,37.139,10.187,2.8596,0.90135,117.43,57.153,15.465,2.2824,10.457,3.2714,1.1605,0.37822,5.9516,3.1592,0.82217,0.19784,4.3979,2.8015,0.80537,0.18079,2.8888,1.4436,0.55399,0.11529,4.7716,1.97,0.55933,0.14769,3.4731,1.6873,0.52813,0.14714,5.1081,2.305,0.68888,0.18108,11.427,4.0648,2.8081,1.0064,5.1686,1.8801,1.0407,0.37248,31.088,9.6196,2.7645,0.78386,14.999,4.3718,1.9317,0.66854
2.7159,1.0229,0.51822,0.168,34.197,10.764,3.8751,1.304,2.8773,0.90654,0.38129,0.13023,4.1948,1.6421,0.94366,0.34959,3.0128,1.3755,0.4726,0.15116,3.2445,1.4482,0.44062,0.10923,3.4939,1.8363,0.54798,0.1461,3.7215,2.333,0.68374,0.18478,3.9534,1.839,0.61307,0.15725,3.7129,1.7284,0.4798,0.12945,7.0626,2.1489,0.78708,0.28562,3.2207,1.3046,0.5924,0.17369,8.1592,2.7144,1.0083,0.31808,10.817,2.405,1.2076,0.35285
5.0926,0.63153,0.22215,0.062228,12.721,4.4119,1.4414,0.47415,6.8725,0.87511,0.25781,0.07308,2.0963,1.0617,0.37775,0.11749,6.0036,2.1581,0.99133,0.27674,3.5526,1.1931,0.35064,0.081166,3.0711,1.4023,0.34365,0.079675,3.862,1.849,0.51171,0.10094,2.2482,0.54207,0.22059,0.068225,7.101,2.5028,1.1974,0.36101,4.2365,1.6364,1.3621,0.54662,4.4149,0.53294,0.20488,0.067036,12.938,4.5812,1.733,0.52915,12.769,1.363,0.36584,0.089689
6.1274,1.7152,0.47287,0.12835,11.099,3.0003,0.62417,0.13981,3.2874,1.1418,0.34474,0.074806,5.0174,1.6591,0.41617,0.10613,2.838,1.1451,0.3087,0.074103,2.1405,1.2388,0.35574,0.078192,3.3019,1.6737,0.39795,0.083113,4.1339,1.9173,0.41362,0.085273,2.2207,1.081,0.30538,0.078313,2.8823,1.1341,0.31445,0.072492,80.36,26.507,8.0225,2.2114,2.5013,1.1594,0.42486,0.11659,20.406,5.7416,1.3015,0.2767,6.8477,2.1709,0.64517,0.1649
4.0826,1.8321,0.80808,0.23647,8.1368,3.1928,1.0409,0.30405,4.7772,2.5366,0.91509,0.26686,2.861,1.6193,0.75684,0.24556,3.2749,1.9399,0.59453,0.15489,2.5141,1.5142,0.49123,0.12921,2.2821,1.613,0.40181,0.097034,3.0848,2.0293,0.44077,0.10414,2.139,1.3725,0.40063,0.097552,2.3777,1.7399,0.54519,0.13615,2.8219,1.4988,0.77021,0.26893,2.4304,1.1664,0.40515,0.10649,11.534,4.6848,1.4005,0.40904,4.9912,1.972,0.70071,0.21737
1.0441,0.51169,0.37503,0.11575,2.9262,1.3072,0.50396,0.15897,1.2252,0.58042,0.22092,0.070848,1.3037,0.57701,0.29229,0.092609,0.67137,0.3688,0.19812,0.056147,0.96167,0.573,0.26725,0.077313,0.88211,0.66111,0.33669,0.11247,0.64749,0.4325,0.23256,0.076155,0.69744,0.52431,0.28812,0.095502,0.84929,0.47571,0.22713,0.062808,0.86275,0.42953,0.2272,0.078438,0.65632,0.30314,0.15336,0.053645,2.6646,1.1228,0.49568,0.15399,1.3285,0.59455,0.5069,0.16152
2.2191,1.1533,0.52956,0.16276,7.7904,2.813,1.2597,0.33654,1.7375,0.85864,0.45589,0.12638,2.4124,1.2926,0.5992,0.19075,2.9454,2.1189,0.8485,0.21342,1.4535,1.6165,0.6165,0.15856,2.654,1.7092,0.83241,0.2505,3.3502,1.6048,0.58719,0.13743,1.4177,1.5551,0.69872,0.21936,1.8996,1.5687,0.87749,0.23613,4.1474,2.1339,0.89276,0.30822,2.5593,1.5033,0.57842,0.19365,5.7613,2.0135,0.93393,0.25274,2.7099,1.3216,0.70439,0.21747
1.0305,0.70313,0.18159,0.046629,3.0907,1.3806,0.48412,0.13852,1.2246,0.70474,0.21029,0.061742,1.0493,0.55371,0.21723,0.078518,2.7006,1.3948,0.48373,0.12794,1.5603,1.8594,0.30154,0.081656,1.8027,2.081,0.37086,0.082557,1.2206,1.1249,0.26673,0.060022,1.4938,1.1217,0.32246,0.075326,1.4644,1.1176,0.83384,0.20853,1.539,0.75087,0.27358,0.080828,1.3458,1.0389,0.24984,0.069807,2.3001,1.0607,0.38052,0.11998,1.1355,0.80255,0.19611,0.056533
1.0027,0.72515,0.12709,0.028076,1.0289,0.63145,0.14766,0.036009,4.3204,2.4518,0.73124,0.13826,0.76029,0.67769,0.1263,0.030218,0.67601,0.60802,0.14207,0.029989,0.82959,0.59286,0.17121,0.036056,1.8215,1.3924,0.40195,0.08616,0.68182,0.52037,0.1621,0.03906,0.76509,0.46904,0.11967,0.028046,0.88785,0.82575,0.15947,0.034229,0.96028,0.86553,0.15071,0.035659,0.94704,0.74646,0.16027,0.034786,1.3084,0.81349,0.22046,0.062973,0.96404,0.69728,0.14906,0.035905
4.6789,1.2354,0.65512,0.21709,11.453,2.7446,1.2249,0.37636,1.4603,0.61621,0.51565,0.19104,4.2094,1.2189,0.80002,0.27236,3.3919,0.98056,0.44232,0.12491,1.8408,0.86189,0.43078,0.1071,3.8535,1.3872,0.66616,0.16887,2.17,0.95246,0.37436,0.084165,1.6941,0.68336,0.38755,0.10102,2.6798,0.97622,0.528,0.13957,4.6879,1.469,0.84926,0.25825,1.5812,0.72156,0.58077,0.21811,17.319,4.5175,1.9553,0.57227,6.8749,2.0567,1.4093,0.47875
1.3134,0.83532,0.36963,0.085962,3.3744,1.6226,0.51287,0.11213,1.1108,0.75671,0.1835,0.035862,1.5414,0.89858,0.22076,0.044043,1.9366,1.223,0.31812,0.066034,1.4806,1.0377,0.32438,0.053991,2.0257,1.2734,0.36707,0.069674,2.9107,1.8276,0.44134,0.059793,1.8869,1.2442,0.31944,0.055623,3.1699,1.3847,0.35667,0.073466,1.404,0.97795,0.24577,0.05361,2.0742,1.0867,0.30288,0.062394,3.5753,1.6412,0.62057,0.12384,2.7499,1.4459,1.0053,0.23212
24.199,8.2067,1.8562,0.37035,24.214,8.804,2.1263,0.50063,3236.2,1200.9,275.55,49.827,23.833,8.8045,2.2727,0.50567,18.966,7.0959,1.7919,0.37706,19.772,7.5153,1.8083,0.36491,20.87,7.8833,1.8171,0.35042,20.235,7.4898,1.7956,0.35948,18.864,7.0766,1.7428,0.35682,20.78,7.5829,1.8716,0.38432,21.891,7.8168,1.9709,0.41488,24.081,8.0145,2.0132,0.43321,26.171,8.5617,2.2692,0.51502,26.66,8.3283,1.9413,0.384
2.5625,0.57186,0.24975,0.085363,2.2917,0.72987,0.29111,0.095027,1.3649,0.33933,0.14084,0.051747,1.5828,0.56636,0.28594,0.097248,1.4611,0.8158,0.44507,0.14248,1.4469,0.7705,0.31994,0.093484,1.6579,0.58757,0.22964,0.06765,1.8753,0.90705,0.29391,0.09457,1.5497,0.96023,0.38894,0.12185,1.6059,0.80067,0.43709,0.14226,2.5007,0.87977,0.37707,0.12015,1.7465,0.40238,0.13729,0.053292,2.6611,0.84687,0.37444,0.12238,2.2918,0.38405,0.16275,0.056144
286.14,149.05,50.443,8.1305,5.4767,2.4112,1.4743,0.33583,2.8871,1.2713,0.51929,0.095064,2.7645,1.2659,0.63417,0.13604,2.9737,1.4372,0.79157,0.16253,2.688,1.2387,0.48437,0.09808,3.0973,1.4895,0.5807,0.12109,3.2528,1.5842,0.5293,0.094564,2.4028,1.1765,0.41697,0.080669,3.263,1.6573,0.72266,0.16072,2.9599,1.3525,0.55572,0.10734,3.4864,1.2189,0.57388,0.1134,6.3002,2.5296,1.2991,0.27159,4.3952,1.4085,0.70573,0.14791
5.6767,2.3926,1.1416,0.28926,5.3276,1.8244,0.98773,0.26982,0.9176,0.42068,0.2293,0.060736,2.1951,0.84704,0.63031,0.1759,1.3037,0.75674,1.2049,0.41348,1.0468,0.63784,0.43334,0.12542,1.8382,0.8604,0.34371,0.088733,3.4184,1.0539,0.4538,0.11404,1.5063,0.65943,0.34417,0.090253,1.3629,0.78479,0.7985,0.23988,2.2233,0.919,0.7685,0.25519,1.7218,0.75568,0.43623,0.12336,5.6521,1.9452,1.0267,0.28267,1.5421,0.68121,0.5073,0.15088
11.303,3.5166,1.2048,0.27942,4.602,2.1072,0.91921,0.26337,1.5175,1.0925,0.43477,0.078081,2.3027,1.7897,1.9388,0.54257,3.6973,2.7488,1.3352,0.3932,1.5518,1.1634,0.45531,0.09881,3.2493,1.4645,0.5027,0.094094,2.5299,1.1186,0.30849,0.051837,1.9536,0.90195,0.3516,0.058138,3.3274,1.9957,1.2593,0.2805,1.8998,1.2491,0.60982,0.14427,2.1037,1.1306,0.40188,0.072134,2.9903,1.733,0.96565,0.25653,2.3823,1.2468,0.44915,0.071036
1.8415,0.95912,0.38499,0.066193,3.4581,1.8534,0.63204,0.1242,1.3451,0.76549,0.31037,0.046322,3.8832,2.1889,0.84211,0.16915,1.494,1.1756,0.34667,0.050296,1.6404,1.1234,0.31372,0.047763,2.7604,2.1822,0.65387,0.060538,2.8607,2.3362,0.72898,0.053384,2.2339,1.475,0.4986,0.063784,2.5846,1.4173,0.60904,0.074162,2.1314,1.3396,0.4413,0.068078,2.0364,1.2352,0.38104,0.051482,3.308,1.5765,0.51704,0.09669,1.9166,0.99891,0.34889,0.05012
3.7041,1.4717,1.1084,0.36515,20.086,5.1151,1.6757,0.42414,2.3591,0.97608,0.549,0.13731,20.178,6.1842,2.05,0.50444,2.632,1.5234,0.58493,0.17028,2.3364,1.4868,0.56883,0.14983,1.9946,0.99895,0.26822,0.066591,3.2111,2.216,0.50821,0.1128,1.7709,0.78509,0.32938,0.089834,3.5287,1.8039,0.51164,0.11086,5.4467,1.8407,0.74509,0.21567,2.2624,1.0738,1.36,0.36936,21.021,5.8077,1.5826,0.36664,7.9768,3.5826,3.3481,0.87306
3.1246,1.1036,0.60822,0.16359,3.5637,1.455,0.63874,0.18779,1.3412,0.5559,0.27744,0.07395,1.5778,0.8817,0.7133,0.17719,1.5834,1.2459,1.5143,0.4887,2.4574,1.0673,0.36071,0.088667,3.4827,1.5945,0.3603,0.068318,2.7838,1.3653,0.33472,0.073158,1.7423,1.1873,0.747,0.2115,3.3463,1.5493,1.1111,0.28646,2.5092,0.97789,0.42398,0.11235,2.0008,0.76658,0.31946,0.079595,4.245,1.6368,0.6599,0.16945,8.7455,3.4415,1.8236,0.53954
1.0568,0.40191,0.25054,0.061391,2.464,1.1129,0.64721,0.21648,0.81867,0.44283,0.21927,0.057798,1.1465,0.66173,0.4871,0.16339,1.6548,0.9537,0.53653,0.15543,1.2221,0.8563,0.41168,0.10451,2.0034,0.98949,0.67171,0.2017,1.6349,1.2874,0.7454,0.20992,0.68146,0.38924,0.21783,0.069442,2.7805,1.3118,0.74753,0.21335,1.2769,0.67101,0.58197,0.19952,0.43534,0.23308,0.12232,0.035711,2.8452,1.4089,1.3412,0.48826,0.35417,0.1826,0.1108,0.037042
1.5882,1.1561,0.31513,0.087231,8.9621,4.4612,1.1771,0.30331,1.708,1.4267,0.33166,0.088913,1.7788,1.0671,0.30657,0.083142,2.1593,1.4302,0.39472,0.10951,1.268,2.0296,0.32028,0.072715,1.9284,3.5718,0.48952,0.11114,2.5946,3.5356,0.6168,0.13164,1.6178,2.1034,0.40924,0.088574,1.9334,1.5471,0.38339,0.098309,1.7666,1.2246,0.31884,0.10043,1.6221,1.8047,0.33074,0.08859,12.674,6.153,1.6491,0.42222,2.5052,1.8142,0.44255,0.11708
